timestamp,pg_connections_active,http_rps,http_5xx_rate,latency_p99_ms,jvm_heap_percent,kafka_consumer_lag
2026-04-21T00:00:00Z,40.0,120.0,0.002,180.0,55.0,500.0
2026-04-21T00:01:00Z,40.5,121.2,0.0021,182.0,55.1,502.0
2026-04-21T00:02:00Z,41.0,122.5,0.0022,183.0,55.2,503.0
2026-04-21T00:03:00Z,41.6,123.7,0.0023,185.0,55.3,505.0
2026-04-21T00:04:00Z,42.1,125.0,0.0024,187.0,55.4,506.0
2026-04-21T00:05:00Z,42.6,126.3,0.0025,188.0,55.5,508.0
2026-04-21T00:06:00Z,43.1,127.5,0.0026,190.0,55.6,510.0
2026-04-21T00:07:00Z,43.6,128.6,0.0026,192.0,55.7,511.0
2026-04-21T00:08:00Z,44.0,129.8,0.0027,193.0,55.8,513.0
2026-04-21T00:09:00Z,44.4,130.8,0.0028,194.0,55.9,514.0
2026-04-21T00:10:00Z,44.8,131.8,0.0028,196.0,56.0,516.0
2026-04-21T00:11:00Z,45.2,132.7,0.0029,197.0,56.1,518.0
2026-04-21T00:12:00Z,45.5,133.5,0.0029,198.0,56.2,519.0
2026-04-21T00:13:00Z,45.8,134.4,0.003,199.0,56.3,521.0
2026-04-21T00:14:00Z,46.2,135.2,0.003,200.0,56.4,522.0
2026-04-21T00:15:00Z,46.5,136.1,0.003,201.0,56.5,524.0
2026-04-21T00:16:00Z,46.8,137.0,0.003,203.0,56.6,526.0
2026-04-21T00:17:00Z,47.2,138.0,0.003,204.0,56.7,527.0
2026-04-21T00:18:00Z,47.5,139.0,0.003,205.0,56.8,529.0
2026-04-21T00:19:00Z,47.9,140.1,0.0029,207.0,56.9,530.0
2026-04-21T00:20:00Z,48.3,141.2,0.0029,208.0,56.9,532.0
2026-04-21T00:21:00Z,48.7,142.4,0.0029,210.0,57.0,533.0
2026-04-21T00:22:00Z,49.1,143.5,0.0028,211.0,57.1,535.0
2026-04-21T00:23:00Z,49.4,144.6,0.0027,213.0,57.2,537.0
2026-04-21T00:24:00Z,49.7,145.6,0.0027,214.0,57.3,538.0
2026-04-21T00:25:00Z,49.9,146.4,0.0026,215.0,57.4,540.0
2026-04-21T00:26:00Z,50.1,147.2,0.0025,216.0,57.5,541.0
2026-04-21T00:27:00Z,50.2,147.7,0.0024,217.0,57.6,543.0
2026-04-21T00:28:00Z,50.3,148.2,0.0023,218.0,57.7,544.0
2026-04-21T00:29:00Z,50.3,148.4,0.0022,218.0,57.7,546.0
2026-04-21T00:30:00Z,50.2,148.5,0.0021,218.0,57.8,548.0
2026-04-21T00:31:00Z,50.1,148.6,0.002,218.0,57.9,549.0
2026-04-21T00:32:00Z,49.9,148.5,0.0021,218.0,58.0,551.0
2026-04-21T00:33:00Z,49.7,148.4,0.0022,218.0,58.1,552.0
2026-04-21T00:34:00Z,49.6,148.3,0.0023,218.0,58.1,554.0
2026-04-21T00:35:00Z,49.4,148.3,0.0024,218.0,58.2,555.0
2026-04-21T00:36:00Z,49.3,148.3,0.0024,218.0,58.3,557.0
2026-04-21T00:37:00Z,49.1,148.4,0.0025,218.0,58.4,558.0
2026-04-21T00:38:00Z,49.0,148.6,0.0026,218.0,58.4,560.0
2026-04-21T00:39:00Z,48.9,148.9,0.0027,218.0,58.5,561.0
2026-04-21T00:40:00Z,48.8,149.2,0.0028,219.0,58.6,563.0
2026-04-21T00:41:00Z,48.8,149.5,0.0028,219.0,58.7,564.0
2026-04-21T00:42:00Z,48.6,149.9,0.0029,220.0,58.7,566.0
2026-04-21T00:43:00Z,48.5,150.2,0.0029,220.0,58.8,567.0
2026-04-21T00:44:00Z,48.3,150.3,0.003,220.0,58.9,569.0
2026-04-21T00:45:00Z,48.1,150.4,0.003,221.0,58.9,570.0
2026-04-21T00:46:00Z,47.8,150.3,0.003,220.0,59.0,572.0
2026-04-21T00:47:00Z,47.5,150.0,0.003,220.0,59.0,573.0
2026-04-21T00:48:00Z,47.1,149.6,0.003,219.0,59.1,575.0
2026-04-21T00:49:00Z,46.6,148.9,0.003,219.0,59.2,576.0
2026-04-21T00:50:00Z,46.2,148.2,0.003,218.0,59.2,578.0
2026-04-21T00:51:00Z,45.7,147.3,0.0029,216.0,59.3,579.0
2026-04-21T00:52:00Z,45.2,146.3,0.0029,215.0,59.3,581.0
2026-04-21T00:53:00Z,44.7,145.3,0.0028,214.0,59.4,582.0
2026-04-21T00:54:00Z,44.2,144.4,0.0028,212.0,59.4,584.0
2026-04-21T00:55:00Z,43.7,143.4,0.0027,211.0,59.5,585.0
2026-04-21T00:56:00Z,43.2,142.5,0.0026,210.0,59.5,587.0
2026-04-21T00:57:00Z,42.7,141.6,0.0026,209.0,59.5,588.0
2026-04-21T00:58:00Z,42.3,140.9,0.0025,208.0,59.6,590.0
2026-04-21T00:59:00Z,41.8,140.2,0.0024,207.0,59.6,591.0
2026-04-21T01:00:00Z,41.4,139.5,0.0023,206.0,59.7,592.0
2026-04-21T01:01:00Z,40.9,138.9,0.0022,205.0,59.7,594.0
2026-04-21T01:02:00Z,40.4,138.2,0.0021,204.0,59.7,595.0
2026-04-21T01:03:00Z,39.9,137.5,0.002,203.0,59.8,597.0
2026-04-21T01:04:00Z,39.4,136.8,0.0021,202.0,59.8,598.0
2026-04-21T01:05:00Z,38.9,135.9,0.0022,201.0,59.8,599.0
2026-04-21T01:06:00Z,38.4,135.0,0.0023,200.0,59.8,601.0
2026-04-21T01:07:00Z,37.8,134.0,0.0024,199.0,59.9,602.0
2026-04-21T01:08:00Z,37.3,132.9,0.0025,197.0,59.9,604.0
2026-04-21T01:09:00Z,36.8,131.7,0.0026,196.0,59.9,605.0
2026-04-21T01:10:00Z,36.3,130.5,0.0027,194.0,59.9,606.0
2026-04-21T01:11:00Z,35.9,129.2,0.0027,192.0,59.9,608.0
2026-04-21T01:12:00Z,35.5,127.9,0.0028,191.0,60.0,609.0
2026-04-21T01:13:00Z,35.1,126.6,0.0029,189.0,60.0,610.0
2026-04-21T01:14:00Z,34.8,125.4,0.0029,187.0,60.0,612.0
2026-04-21T01:15:00Z,34.4,124.1,0.0029,186.0,60.0,613.0
2026-04-21T01:16:00Z,34.1,122.9,0.003,184.0,60.0,614.0
2026-04-21T01:17:00Z,33.8,121.8,0.003,182.0,60.0,616.0
2026-04-21T01:18:00Z,33.5,120.6,0.003,181.0,60.0,617.0
2026-04-21T01:19:00Z,33.1,119.5,0.003,179.0,60.0,618.0
2026-04-21T01:20:00Z,32.8,118.3,0.003,178.0,60.0,619.0
2026-04-21T01:21:00Z,32.4,117.2,0.003,176.0,60.0,621.0
2026-04-21T01:22:00Z,32.0,116.0,0.0029,175.0,60.0,622.0
2026-04-21T01:23:00Z,31.6,114.7,0.0029,173.0,60.0,623.0
2026-04-21T01:24:00Z,31.3,113.5,0.0029,171.0,60.0,625.0
2026-04-21T01:25:00Z,30.9,112.2,0.0028,170.0,60.0,626.0
2026-04-21T01:26:00Z,30.6,110.9,0.0027,168.0,59.9,627.0
2026-04-21T01:27:00Z,30.3,109.6,0.0027,166.0,59.9,628.0
2026-04-21T01:28:00Z,30.0,108.4,0.0026,165.0,59.9,629.0
2026-04-21T01:29:00Z,29.9,107.2,0.0025,163.0,59.9,631.0
2026-04-21T01:30:00Z,29.8,106.1,0.0024,161.0,59.9,632.0
2026-04-21T01:31:00Z,29.7,105.1,0.0023,160.0,59.8,633.0
2026-04-21T01:32:00Z,29.8,104.1,0.0022,159.0,59.8,634.0
2026-04-21T01:33:00Z,29.8,103.3,0.0021,158.0,59.8,635.0
2026-04-21T01:34:00Z,30.0,102.5,0.002,157.0,59.8,637.0
2026-04-21T01:35:00Z,30.1,101.8,0.0021,156.0,59.7,638.0
2026-04-21T01:36:00Z,30.3,101.2,0.0022,155.0,59.7,639.0
2026-04-21T01:37:00Z,30.5,100.5,0.0023,154.0,59.7,640.0
2026-04-21T01:38:00Z,30.6,99.9,0.0024,153.0,59.6,641.0
2026-04-21T01:39:00Z,30.8,99.2,0.0025,152.0,59.6,642.0
2026-04-21T01:40:00Z,30.9,98.4,0.0025,151.0,59.5,643.0
2026-04-21T01:41:00Z,31.0,97.6,0.0026,150.0,59.5,645.0
2026-04-21T01:42:00Z,31.1,96.7,0.0027,149.0,59.5,646.0
2026-04-21T01:43:00Z,31.2,95.7,0.0028,148.0,59.4,647.0
2026-04-21T01:44:00Z,31.3,94.7,0.0028,146.0,59.4,648.0
2026-04-21T01:45:00Z,31.4,93.7,0.0029,145.0,59.3,649.0
2026-04-21T01:46:00Z,31.5,92.8,0.0029,144.0,59.3,650.0
2026-04-21T01:47:00Z,31.7,91.9,0.003,143.0,59.2,651.0
2026-04-21T01:48:00Z,32.0,91.1,0.003,142.0,59.2,652.0
2026-04-21T01:49:00Z,32.2,90.5,0.003,141.0,59.1,653.0
2026-04-21T01:50:00Z,32.6,90.0,0.003,140.0,59.0,654.0
2026-04-21T01:51:00Z,33.0,89.7,0.003,140.0,59.0,655.0
2026-04-21T01:52:00Z,33.4,89.6,0.003,139.0,58.9,656.0
2026-04-21T01:53:00Z,33.9,89.7,0.003,140.0,58.9,657.0
2026-04-21T01:54:00Z,34.4,89.8,0.0029,140.0,58.8,658.0
2026-04-21T01:55:00Z,34.9,90.1,0.0029,140.0,58.7,659.0
2026-04-21T01:56:00Z,35.4,90.4,0.0028,141.0,58.7,660.0
2026-04-21T01:57:00Z,35.9,90.8,0.0028,141.0,58.6,661.0
2026-04-21T01:58:00Z,36.4,91.1,0.0027,141.0,58.5,662.0
2026-04-21T01:59:00Z,36.9,91.4,0.0026,142.0,58.5,663.0
2026-04-21T02:00:00Z,37.3,91.6,0.0025,142.0,58.4,664.0
2026-04-21T02:01:00Z,37.8,91.7,0.0024,142.0,58.3,665.0
2026-04-21T02:02:00Z,38.3,91.7,0.0024,142.0,58.2,666.0
2026-04-21T02:03:00Z,38.7,91.7,0.0023,142.0,58.2,667.0
2026-04-21T02:04:00Z,39.2,91.6,0.0022,142.0,58.1,667.0
2026-04-21T02:05:00Z,39.7,91.5,0.0021,142.0,58.0,668.0
2026-04-21T02:06:00Z,40.2,91.5,0.002,142.0,57.9,669.0
2026-04-21T02:07:00Z,40.7,91.5,0.0021,142.0,57.8,670.0
2026-04-21T02:08:00Z,41.2,91.6,0.0022,142.0,57.7,671.0
2026-04-21T02:09:00Z,41.7,91.8,0.0023,142.0,57.7,672.0
2026-04-21T02:10:00Z,42.3,92.2,0.0024,143.0,57.6,672.0
2026-04-21T02:11:00Z,42.8,92.8,0.0025,144.0,57.5,673.0
2026-04-21T02:12:00Z,43.3,93.5,0.0026,145.0,57.4,674.0
2026-04-21T02:13:00Z,43.7,94.4,0.0027,146.0,57.3,675.0
2026-04-21T02:14:00Z,44.2,95.4,0.0027,147.0,57.2,676.0
2026-04-21T02:15:00Z,44.6,96.4,0.0028,149.0,57.1,676.0
2026-04-21T02:16:00Z,45.0,97.6,0.0029,150.0,57.0,677.0
2026-04-21T02:17:00Z,45.3,98.7,0.0029,152.0,57.0,678.0
2026-04-21T02:18:00Z,45.6,99.8,0.0029,153.0,56.9,679.0
2026-04-21T02:19:00Z,46.0,100.9,0.003,155.0,56.8,679.0
2026-04-21T02:20:00Z,46.3,101.9,0.003,156.0,56.7,680.0
2026-04-21T02:21:00Z,46.6,102.9,0.003,157.0,56.6,681.0
2026-04-21T02:22:00Z,46.9,103.8,0.003,158.0,56.5,681.0
2026-04-21T02:23:00Z,47.3,104.7,0.003,160.0,56.4,682.0
2026-04-21T02:24:00Z,47.7,105.5,0.003,161.0,56.3,683.0
2026-04-21T02:25:00Z,48.0,106.4,0.0029,162.0,56.2,683.0
2026-04-21T02:26:00Z,48.4,107.3,0.0029,163.0,56.1,684.0
2026-04-21T02:27:00Z,48.8,108.2,0.0028,164.0,56.0,685.0
2026-04-21T02:28:00Z,49.2,109.1,0.0028,166.0,55.9,685.0
2026-04-21T02:29:00Z,49.5,110.2,0.0027,167.0,55.8,686.0
2026-04-21T02:30:00Z,49.8,111.3,0.0027,168.0,55.7,686.0
2026-04-21T02:31:00Z,50.0,112.4,0.0026,170.0,55.6,687.0
2026-04-21T02:32:00Z,50.2,113.6,0.0025,172.0,55.5,688.0
2026-04-21T02:33:00Z,50.3,114.9,0.0024,173.0,55.4,688.0
2026-04-21T02:34:00Z,50.3,116.2,0.0023,175.0,55.3,689.0
2026-04-21T02:35:00Z,50.2,117.4,0.0022,177.0,55.2,689.0
2026-04-21T02:36:00Z,50.1,118.7,0.0021,178.0,55.1,690.0
2026-04-21T02:37:00Z,50.0,119.9,0.002,180.0,55.0,690.0
2026-04-21T02:38:00Z,49.9,121.1,0.0021,181.0,54.9,691.0
2026-04-21T02:39:00Z,49.7,122.2,0.0022,183.0,54.8,691.0
2026-04-21T02:40:00Z,49.5,123.4,0.0023,184.0,54.7,692.0
2026-04-21T02:41:00Z,49.4,124.5,0.0024,186.0,54.6,692.0
2026-04-21T02:42:00Z,49.2,125.6,0.0025,187.0,54.5,692.0
2026-04-21T02:43:00Z,49.1,126.7,0.0026,189.0,54.4,693.0
2026-04-21T02:44:00Z,49.0,127.8,0.0026,190.0,54.3,693.0
2026-04-21T02:45:00Z,48.9,129.0,0.0027,192.0,54.2,694.0
2026-04-21T02:46:00Z,48.8,130.2,0.0028,194.0,54.1,694.0
2026-04-21T02:47:00Z,48.7,131.5,0.0028,195.0,54.0,695.0
2026-04-21T02:48:00Z,48.6,132.8,0.0029,197.0,53.9,695.0
2026-04-21T02:49:00Z,48.4,134.1,0.0029,199.0,53.8,695.0
2026-04-21T02:50:00Z,48.3,135.3,0.003,200.0,53.7,696.0
2026-04-21T02:51:00Z,48.0,136.5,0.003,202.0,53.6,696.0
2026-04-21T02:52:00Z,47.7,137.7,0.003,204.0,53.5,696.0
2026-04-21T02:53:00Z,47.3,138.7,0.003,205.0,53.4,697.0
2026-04-21T02:54:00Z,46.9,139.7,0.003,206.0,53.3,697.0
2026-04-21T02:55:00Z,46.5,140.5,0.003,207.0,53.2,697.0
2026-04-21T02:56:00Z,46.0,141.2,0.0029,208.0,53.2,697.0
2026-04-21T02:57:00Z,45.5,141.8,0.0029,209.0,53.1,698.0
2026-04-21T02:58:00Z,45.0,142.3,0.0029,210.0,53.0,698.0
2026-04-21T02:59:00Z,44.5,142.7,0.0028,210.0,52.9,698.0
2026-04-21T03:00:00Z,44.0,143.1,0.0028,211.0,52.8,698.0
2026-04-21T03:01:00Z,43.5,143.6,0.0027,211.0,52.7,698.0
2026-04-21T03:02:00Z,43.0,144.0,0.0026,212.0,52.6,699.0
2026-04-21T03:03:00Z,42.6,144.5,0.0025,213.0,52.5,699.0
2026-04-21T03:04:00Z,42.1,145.1,0.0024,214.0,52.4,699.0
2026-04-21T03:05:00Z,41.7,145.8,0.0023,214.0,52.4,699.0
2026-04-21T03:06:00Z,41.2,146.5,0.0022,215.0,52.3,699.0
2026-04-21T03:07:00Z,40.7,147.3,0.0021,216.0,52.2,699.0
2026-04-21T03:08:00Z,40.2,148.1,0.002,218.0,52.1,700.0
2026-04-21T03:09:00Z,39.7,148.9,0.0021,219.0,52.0,700.0
2026-04-21T03:10:00Z,39.2,149.7,0.0021,220.0,51.9,700.0
2026-04-21T03:11:00Z,38.7,150.3,0.0022,220.0,51.9,700.0
2026-04-21T03:12:00Z,38.2,150.8,0.0023,221.0,51.8,700.0
2026-04-21T03:13:00Z,37.7,151.2,0.0024,222.0,51.7,700.0
2026-04-21T03:14:00Z,37.1,151.4,0.0025,222.0,51.6,700.0
2026-04-21T03:15:00Z,36.7,151.3,0.0026,222.0,51.6,700.0
2026-04-21T03:16:00Z,36.2,151.2,0.0027,222.0,51.5,700.0
2026-04-21T03:17:00Z,35.8,150.8,0.0028,221.0,51.4,700.0
2026-04-21T03:18:00Z,35.4,150.4,0.0028,220.0,51.3,700.0
2026-04-21T03:19:00Z,35.0,149.8,0.0029,220.0,51.3,700.0
2026-04-21T03:20:00Z,34.6,149.2,0.0029,219.0,51.2,700.0
2026-04-21T03:21:00Z,34.3,148.6,0.0029,218.0,51.2,700.0
2026-04-21T03:22:00Z,34.0,148.1,0.003,217.0,51.1,700.0
2026-04-21T03:23:00Z,33.7,147.6,0.003,217.0,51.0,700.0
2026-04-21T03:24:00Z,33.4,147.2,0.003,216.0,51.0,700.0
2026-04-21T03:25:00Z,33.0,146.9,0.003,216.0,50.9,700.0
2026-04-21T03:26:00Z,32.7,146.6,0.003,215.0,50.9,699.0
2026-04-21T03:27:00Z,32.3,146.4,0.003,215.0,50.8,699.0
2026-04-21T03:28:00Z,31.9,146.2,0.0029,215.0,50.7,699.0
2026-04-21T03:29:00Z,31.5,146.1,0.0029,215.0,50.7,699.0
2026-04-21T03:30:00Z,31.1,145.9,0.0028,214.0,50.6,699.0
2026-04-21T03:31:00Z,30.8,145.6,0.0028,214.0,50.6,699.0
2026-04-21T03:32:00Z,30.5,145.2,0.0027,214.0,50.5,698.0
2026-04-21T03:33:00Z,30.2,144.6,0.0026,213.0,50.5,698.0
2026-04-21T03:34:00Z,30.0,143.9,0.0026,212.0,50.5,698.0
2026-04-21T03:35:00Z,29.8,143.1,0.0025,211.0,50.4,698.0
2026-04-21T03:36:00Z,29.7,142.2,0.0024,210.0,50.4,698.0
2026-04-21T03:37:00Z,29.7,141.1,0.0023,208.0,50.3,697.0
2026-04-21T03:38:00Z,29.8,140.0,0.0022,207.0,50.3,697.0
2026-04-21T03:39:00Z,29.9,138.8,0.0021,205.0,50.3,697.0
2026-04-21T03:40:00Z,30.0,137.5,0.002,203.0,50.2,696.0
2026-04-21T03:41:00Z,30.2,136.3,0.0021,202.0,50.2,696.0
2026-04-21T03:42:00Z,30.3,135.1,0.0022,200.0,50.2,696.0
2026-04-21T03:43:00Z,30.5,133.9,0.0023,199.0,50.2,695.0
2026-04-21T03:44:00Z,30.7,132.8,0.0024,197.0,50.1,695.0
2026-04-21T03:45:00Z,30.8,131.7,0.0025,196.0,50.1,695.0
2026-04-21T03:46:00Z,30.9,130.7,0.0026,194.0,50.1,694.0
2026-04-21T03:47:00Z,31.0,129.7,0.0027,193.0,50.1,694.0
2026-04-21T03:48:00Z,31.1,128.7,0.0027,192.0,50.1,694.0
2026-04-21T03:49:00Z,31.2,127.7,0.0028,190.0,50.0,693.0
2026-04-21T03:50:00Z,31.3,126.6,0.0028,189.0,50.0,693.0
2026-04-21T03:51:00Z,31.4,125.6,0.0029,187.0,50.0,692.0
2026-04-21T03:52:00Z,31.6,124.4,0.0029,186.0,50.0,692.0
2026-04-21T03:53:00Z,31.8,123.2,0.003,184.0,50.0,691.0
2026-04-21T03:54:00Z,32.0,122.0,0.003,183.0,50.0,691.0
2026-04-21T03:55:00Z,32.4,120.8,0.003,181.0,50.0,691.0
2026-04-21T03:56:00Z,32.7,119.5,0.003,179.0,50.0,690.0
2026-04-21T03:57:00Z,33.1,118.3,0.003,178.0,50.0,690.0
2026-04-21T03:58:00Z,33.6,117.0,0.003,176.0,50.0,689.0
2026-04-21T03:59:00Z,34.1,115.8,0.0029,174.0,50.0,688.0
2026-04-21T04:00:00Z,34.6,114.7,0.0029,173.0,50.0,688.0
2026-04-21T04:01:00Z,35.1,113.6,0.0029,171.0,50.0,687.0
2026-04-21T04:02:00Z,35.6,112.6,0.0028,170.0,50.0,687.0
2026-04-21T04:03:00Z,36.1,111.5,0.0027,169.0,50.1,686.0
2026-04-21T04:04:00Z,36.6,110.5,0.0027,167.0,50.1,686.0
2026-04-21T04:05:00Z,37.0,109.5,0.0026,166.0,50.1,685.0
2026-04-21T04:06:00Z,37.5,108.5,0.0025,165.0,50.1,684.0
2026-04-21T04:07:00Z,38.0,107.4,0.0024,163.0,50.1,684.0
2026-04-21T04:08:00Z,38.4,106.3,0.0023,162.0,50.2,683.0
2026-04-21T04:09:00Z,38.9,105.2,0.0022,160.0,50.2,683.0
2026-04-21T04:10:00Z,39.3,104.0,0.0021,159.0,50.2,682.0
2026-04-21T04:11:00Z,39.8,102.8,0.002,157.0,50.2,681.0
2026-04-21T04:12:00Z,40.3,101.5,0.0021,155.0,50.3,681.0
2026-04-21T04:13:00Z,40.9,100.3,0.0022,154.0,50.3,680.0
2026-04-21T04:14:00Z,41.4,99.2,0.0023,152.0,50.3,679.0
2026-04-21T04:15:00Z,41.9,98.1,0.0024,151.0,50.4,678.0
2026-04-21T04:16:00Z,42.4,97.1,0.0025,149.0,50.4,678.0
2026-04-21T04:17:00Z,42.9,96.2,0.0025,148.0,50.5,677.0
2026-04-21T04:18:00Z,43.4,95.5,0.0026,147.0,50.5,676.0
2026-04-21T04:19:00Z,43.9,95.0,0.0027,147.0,50.5,675.0
2026-04-21T04:20:00Z,44.3,94.5,0.0028,146.0,50.6,675.0
2026-04-21T04:21:00Z,44.7,94.2,0.0028,146.0,50.6,674.0
2026-04-21T04:22:00Z,45.1,94.0,0.0029,145.0,50.7,673.0
2026-04-21T04:23:00Z,45.4,93.8,0.0029,145.0,50.7,672.0
2026-04-21T04:24:00Z,45.7,93.6,0.003,145.0,50.8,671.0
2026-04-21T04:25:00Z,46.1,93.5,0.003,145.0,50.8,671.0
2026-04-21T04:26:00Z,46.4,93.2,0.003,144.0,50.9,670.0
2026-04-21T04:27:00Z,46.7,92.9,0.003,144.0,51.0,669.0
2026-04-21T04:28:00Z,47.0,92.5,0.003,143.0,51.0,668.0
2026-04-21T04:29:00Z,47.4,92.0,0.003,143.0,51.1,667.0
2026-04-21T04:30:00Z,47.8,91.5,0.003,142.0,51.1,666.0
2026-04-21T04:31:00Z,48.2,90.9,0.0029,141.0,51.2,665.0
2026-04-21T04:32:00Z,48.6,90.3,0.0029,140.0,51.3,664.0
2026-04-21T04:33:00Z,48.9,89.8,0.0028,140.0,51.3,664.0
2026-04-21T04:34:00Z,49.3,89.3,0.0028,139.0,51.4,663.0
2026-04-21T04:35:00Z,49.6,88.9,0.0027,139.0,51.5,662.0
2026-04-21T04:36:00Z,49.9,88.7,0.0026,138.0,51.5,661.0
2026-04-21T04:37:00Z,50.1,88.6,0.0025,138.0,51.6,660.0
2026-04-21T04:38:00Z,50.2,88.8,0.0025,138.0,51.7,659.0
2026-04-21T04:39:00Z,50.3,89.1,0.0024,139.0,51.8,658.0
2026-04-21T04:40:00Z,50.3,89.5,0.0023,139.0,51.8,657.0
2026-04-21T04:41:00Z,50.2,90.2,0.0022,140.0,51.9,656.0
2026-04-21T04:42:00Z,50.1,90.9,0.0021,141.0,52.0,655.0
2026-04-21T04:43:00Z,50.0,91.7,0.002,142.0,52.1,654.0
2026-04-21T04:44:00Z,49.8,92.5,0.0021,143.0,52.2,653.0
2026-04-21T04:45:00Z,49.6,93.3,0.0022,144.0,52.2,652.0
2026-04-21T04:46:00Z,49.5,94.0,0.0023,145.0,52.3,651.0
2026-04-21T04:47:00Z,49.3,94.7,0.0024,146.0,52.4,650.0
2026-04-21T04:48:00Z,49.2,95.3,0.0025,147.0,52.5,649.0
2026-04-21T04:49:00Z,49.1,95.9,0.0026,148.0,52.6,648.0
2026-04-21T04:50:00Z,49.0,96.3,0.0027,148.0,52.7,646.0
2026-04-21T04:51:00Z,48.9,96.8,0.0027,149.0,52.8,645.0
2026-04-21T04:52:00Z,48.8,97.2,0.0028,150.0,52.9,644.0
2026-04-21T04:53:00Z,48.7,97.6,0.0029,150.0,52.9,643.0
2026-04-21T04:54:00Z,48.6,98.1,0.0029,151.0,53.0,642.0
2026-04-21T04:55:00Z,48.4,98.7,0.0029,152.0,53.1,641.0
2026-04-21T04:56:00Z,48.2,99.3,0.003,152.0,53.2,640.0
2026-04-21T04:57:00Z,47.9,100.1,0.003,154.0,53.3,639.0
2026-04-21T04:58:00Z,47.6,101.0,0.003,155.0,53.4,637.0
2026-04-21T04:59:00Z,47.2,102.1,0.003,156.0,53.5,636.0
2026-04-21T05:00:00Z,46.8,103.2,0.003,158.0,53.6,635.0
2026-04-21T05:01:00Z,46.3,104.4,0.003,159.0,53.7,634.0
2026-04-21T05:02:00Z,45.9,105.6,0.0029,161.0,53.8,633.0
2026-04-21T05:03:00Z,45.3,106.9,0.0029,163.0,53.9,632.0
2026-04-21T05:04:00Z,44.8,108.2,0.0028,164.0,54.0,630.0
2026-04-21T05:05:00Z,44.3,109.5,0.0028,166.0,54.1,629.0
2026-04-21T05:06:00Z,43.8,110.7,0.0027,168.0,54.2,628.0
2026-04-21T05:07:00Z,43.4,111.9,0.0027,169.0,54.3,627.0
2026-04-21T05:08:00Z,42.9,113.0,0.0026,171.0,54.4,625.0
2026-04-21T05:09:00Z,42.4,114.2,0.0025,172.0,54.5,624.0
2026-04-21T05:10:00Z,42.0,115.3,0.0024,174.0,54.6,623.0
2026-04-21T05:11:00Z,41.5,116.4,0.0023,175.0,54.7,622.0
2026-04-21T05:12:00Z,41.0,117.5,0.0022,177.0,54.8,620.0
2026-04-21T05:13:00Z,40.6,118.6,0.0021,178.0,54.9,619.0
2026-04-21T05:14:00Z,40.1,119.8,0.002,180.0,55.0,618.0
2026-04-21T05:15:00Z,39.6,121.0,0.0021,181.0,55.1,616.0
2026-04-21T05:16:00Z,39.1,122.3,0.0022,183.0,55.2,615.0
2026-04-21T05:17:00Z,38.5,123.5,0.0023,185.0,55.3,614.0
2026-04-21T05:18:00Z,38.0,124.8,0.0024,186.0,55.4,613.0
2026-04-21T05:19:00Z,37.5,126.1,0.0025,188.0,55.5,611.0
2026-04-21T05:20:00Z,37.0,127.3,0.0026,190.0,55.6,610.0
2026-04-21T05:21:00Z,36.5,128.5,0.0026,191.0,55.7,609.0
2026-04-21T05:22:00Z,36.0,129.6,0.0027,193.0,55.8,607.0
2026-04-21T05:23:00Z,35.6,130.6,0.0028,194.0,55.9,606.0
2026-04-21T05:24:00Z,35.2,131.6,0.0028,195.0,56.0,604.0
2026-04-21T05:25:00Z,34.9,132.5,0.0029,197.0,56.1,603.0
2026-04-21T05:26:00Z,34.5,133.4,0.0029,198.0,56.2,602.0
2026-04-21T05:27:00Z,34.2,134.3,0.003,199.0,56.3,600.0
2026-04-21T05:28:00Z,33.9,135.1,0.003,200.0,56.4,599.0
2026-04-21T05:29:00Z,33.6,136.0,0.003,201.0,56.5,598.0
2026-04-21T05:30:00Z,33.2,136.9,0.003,202.0,56.6,596.0
2026-04-21T05:31:00Z,32.9,137.8,0.003,204.0,56.7,595.0
2026-04-21T05:32:00Z,32.5,138.8,0.003,205.0,56.7,593.0
2026-04-21T05:33:00Z,32.2,139.9,0.003,207.0,56.8,592.0
2026-04-21T05:34:00Z,31.8,141.0,0.0029,208.0,56.9,591.0
2026-04-21T05:35:00Z,31.4,142.2,0.0029,210.0,57.0,589.0
2026-04-21T05:36:00Z,31.0,143.3,0.0028,211.0,57.1,588.0
2026-04-21T05:37:00Z,30.7,144.4,0.0028,213.0,57.2,586.0
2026-04-21T05:38:00Z,30.4,145.4,0.0027,214.0,57.3,585.0
2026-04-21T05:39:00Z,30.1,146.3,0.0026,215.0,57.4,583.0
2026-04-21T05:40:00Z,29.9,147.1,0.0025,216.0,57.5,582.0
2026-04-21T05:41:00Z,29.8,147.7,0.0024,217.0,57.6,580.0
2026-04-21T05:42:00Z,29.7,148.1,0.0023,217.0,57.6,579.0
2026-04-21T05:43:00Z,29.7,148.4,0.0023,218.0,57.7,577.0
2026-04-21T05:44:00Z,29.8,148.5,0.0022,218.0,57.8,576.0
2026-04-21T05:45:00Z,29.9,148.6,0.0021,218.0,57.9,574.0
2026-04-21T05:46:00Z,30.1,148.5,0.002,218.0,58.0,573.0
2026-04-21T05:47:00Z,30.2,148.4,0.0021,218.0,58.1,572.0
2026-04-21T05:48:00Z,30.4,148.3,0.0022,218.0,58.1,570.0
2026-04-21T05:49:00Z,30.6,148.3,0.0023,218.0,58.2,569.0
2026-04-21T05:50:00Z,30.7,148.3,0.0024,218.0,58.3,567.0
2026-04-21T05:51:00Z,30.8,148.4,0.0025,218.0,58.4,565.0
2026-04-21T05:52:00Z,31.0,148.5,0.0026,218.0,58.4,564.0
2026-04-21T05:53:00Z,31.1,148.8,0.0027,218.0,58.5,562.0
2026-04-21T05:54:00Z,31.1,149.1,0.0027,219.0,58.6,561.0
2026-04-21T05:55:00Z,31.2,149.5,0.0028,219.0,58.6,559.0
2026-04-21T05:56:00Z,31.3,149.8,0.0029,220.0,58.7,558.0
2026-04-21T05:57:00Z,31.5,150.1,0.0029,220.0,58.8,556.0
2026-04-21T05:58:00Z,31.6,150.3,0.0029,220.0,58.8,555.0
2026-04-21T05:59:00Z,31.9,150.4,0.003,221.0,58.9,553.0
2026-04-21T06:00:00Z,32.1,150.3,0.003,220.0,59.0,552.0
2026-04-21T06:01:00Z,32.5,150.1,0.003,220.0,59.0,550.0
2026-04-21T06:02:00Z,32.9,149.6,0.003,220.0,59.1,549.0
2026-04-21T06:03:00Z,33.3,149.0,0.003,219.0,59.1,547.0
2026-04-21T06:04:00Z,33.7,148.3,0.003,218.0,59.2,546.0
2026-04-21T06:05:00Z,34.2,147.4,0.0029,217.0,59.3,544.0
2026-04-21T06:06:00Z,34.7,146.5,0.0029,215.0,59.3,542.0
2026-04-21T06:07:00Z,35.2,145.5,0.0028,214.0,59.4,541.0
2026-04-21T06:08:00Z,35.7,144.5,0.0028,213.0,59.4,539.0
2026-04-21T06:09:00Z,36.2,143.5,0.0027,211.0,59.4,538.0
2026-04-21T06:10:00Z,36.7,142.6,0.0026,210.0,59.5,536.0
2026-04-21T06:11:00Z,37.2,141.8,0.0026,209.0,59.5,535.0
2026-04-21T06:12:00Z,37.7,141.0,0.0025,208.0,59.6,533.0
2026-04-21T06:13:00Z,38.1,140.3,0.0024,207.0,59.6,531.0
2026-04-21T06:14:00Z,38.6,139.6,0.0023,206.0,59.7,530.0
2026-04-21T06:15:00Z,39.0,139.0,0.0022,205.0,59.7,528.0
2026-04-21T06:16:00Z,39.5,138.3,0.0021,204.0,59.7,527.0
2026-04-21T06:17:00Z,40.0,137.6,0.002,204.0,59.8,525.0
2026-04-21T06:18:00Z,40.5,136.9,0.0021,203.0,59.8,523.0
2026-04-21T06:19:00Z,41.0,136.1,0.0022,201.0,59.8,522.0
2026-04-21T06:20:00Z,41.6,135.2,0.0023,200.0,59.8,520.0
2026-04-21T06:21:00Z,42.1,134.2,0.0024,199.0,59.9,519.0
2026-04-21T06:22:00Z,42.6,133.1,0.0025,197.0,59.9,517.0
2026-04-21T06:23:00Z,43.1,131.9,0.0026,196.0,59.9,516.0
2026-04-21T06:24:00Z,43.6,130.7,0.0026,194.0,59.9,514.0
2026-04-21T06:25:00Z,44.0,129.4,0.0027,193.0,59.9,512.0
2026-04-21T06:26:00Z,44.4,128.1,0.0028,191.0,60.0,511.0
2026-04-21T06:27:00Z,44.8,126.8,0.0028,189.0,60.0,509.0
2026-04-21T06:28:00Z,45.2,125.6,0.0029,187.0,60.0,508.0
2026-04-21T06:29:00Z,45.5,124.3,0.0029,186.0,60.0,506.0
2026-04-21T06:30:00Z,45.8,123.1,0.003,184.0,60.0,504.0
2026-04-21T06:31:00Z,46.2,121.9,0.003,183.0,60.0,503.0
2026-04-21T06:32:00Z,46.5,120.8,0.003,181.0,60.0,501.0
2026-04-21T06:33:00Z,46.8,119.7,0.003,180.0,60.0,500.0
2026-04-21T06:34:00Z,47.2,118.5,0.003,178.0,60.0,502.0
2026-04-21T06:35:00Z,47.5,117.3,0.003,176.0,60.0,504.0
2026-04-21T06:36:00Z,47.9,116.2,0.0029,175.0,60.0,505.0
2026-04-21T06:37:00Z,48.3,114.9,0.0029,173.0,60.0,507.0
2026-04-21T06:38:00Z,48.7,113.7,0.0029,172.0,60.0,508.0
2026-04-21T06:39:00Z,49.1,112.4,0.0028,170.0,60.0,510.0
2026-04-21T06:40:00Z,49.4,111.1,0.0027,168.0,59.9,512.0
2026-04-21T06:41:00Z,49.7,109.8,0.0027,166.0,59.9,513.0
2026-04-21T06:42:00Z,49.9,108.6,0.0026,165.0,59.9,515.0
2026-04-21T06:43:00Z,50.1,107.4,0.0025,163.0,59.9,516.0
2026-04-21T06:44:00Z,50.2,106.3,0.0024,162.0,59.9,518.0
2026-04-21T06:45:00Z,50.3,105.2,0.0023,160.0,59.8,520.0
2026-04-21T06:46:00Z,50.3,104.3,0.0022,159.0,59.8,521.0
2026-04-21T06:47:00Z,50.2,103.4,0.0021,158.0,59.8,523.0
2026-04-21T06:48:00Z,50.1,102.7,0.002,157.0,59.8,524.0
2026-04-21T06:49:00Z,49.9,102.0,0.0021,156.0,59.7,526.0
2026-04-21T06:50:00Z,49.7,101.3,0.0022,155.0,59.7,528.0
2026-04-21T06:51:00Z,49.6,100.7,0.0023,154.0,59.7,529.0
2026-04-21T06:52:00Z,49.4,100.0,0.0024,153.0,59.6,531.0
2026-04-21T06:53:00Z,49.3,99.3,0.0024,152.0,59.6,532.0
2026-04-21T06:54:00Z,49.1,98.5,0.0025,151.0,59.6,534.0
2026-04-21T06:55:00Z,49.0,97.7,0.0026,150.0,59.5,535.0
2026-04-21T06:56:00Z,48.9,96.8,0.0027,149.0,59.5,537.0
2026-04-21T06:57:00Z,48.8,95.9,0.0028,148.0,59.4,539.0
2026-04-21T06:58:00Z,48.8,94.9,0.0028,147.0,59.4,540.0
2026-04-21T06:59:00Z,48.6,93.9,0.0029,145.0,59.3,542.0
2026-04-21T07:00:00Z,48.5,92.9,0.0029,144.0,59.3,543.0
2026-04-21T07:01:00Z,48.3,92.0,0.003,143.0,59.2,545.0
2026-04-21T07:02:00Z,48.1,91.2,0.003,142.0,59.2,546.0
2026-04-21T07:03:00Z,47.8,90.6,0.003,141.0,59.1,548.0
2026-04-21T07:04:00Z,47.5,90.1,0.003,140.0,59.1,550.0
2026-04-21T07:05:00Z,47.1,89.8,0.003,140.0,59.0,551.0
2026-04-21T07:06:00Z,46.6,89.6,0.003,139.0,58.9,553.0
2026-04-21T07:07:00Z,46.2,89.6,0.003,140.0,58.9,554.0
2026-04-21T07:08:00Z,45.7,89.8,0.0029,140.0,58.8,556.0
2026-04-21T07:09:00Z,45.2,90.1,0.0029,140.0,58.7,557.0
2026-04-21T07:10:00Z,44.7,90.4,0.0028,141.0,58.7,559.0
2026-04-21T07:11:00Z,44.2,90.7,0.0028,141.0,58.6,560.0
2026-04-21T07:12:00Z,43.7,91.1,0.0027,141.0,58.5,562.0
2026-04-21T07:13:00Z,43.2,91.4,0.0026,142.0,58.5,563.0
2026-04-21T07:14:00Z,42.7,91.6,0.0025,142.0,58.4,565.0
2026-04-21T07:15:00Z,42.3,91.7,0.0025,142.0,58.3,566.0
2026-04-21T07:16:00Z,41.8,91.7,0.0024,142.0,58.2,568.0
2026-04-21T07:17:00Z,41.4,91.7,0.0023,142.0,58.2,569.0
2026-04-21T07:18:00Z,40.9,91.6,0.0022,142.0,58.1,571.0
2026-04-21T07:19:00Z,40.4,91.5,0.0021,142.0,58.0,572.0
2026-04-21T07:20:00Z,39.9,91.5,0.002,142.0,57.9,574.0
2026-04-21T07:21:00Z,39.4,91.5,0.0021,142.0,57.8,575.0
2026-04-21T07:22:00Z,38.9,91.5,0.0022,142.0,57.8,577.0
2026-04-21T07:23:00Z,38.4,91.8,0.0023,142.0,57.7,578.0
2026-04-21T07:24:00Z,37.8,92.1,0.0024,143.0,57.6,580.0
2026-04-21T07:25:00Z,37.3,92.7,0.0025,144.0,57.5,581.0
2026-04-21T07:26:00Z,36.8,93.4,0.0026,145.0,57.4,583.0
2026-04-21T07:27:00Z,36.3,94.2,0.0027,146.0,57.3,584.0
2026-04-21T07:28:00Z,35.9,95.2,0.0027,147.0,57.2,586.0
2026-04-21T07:29:00Z,35.5,96.3,0.0028,148.0,57.2,587.0
2026-04-21T07:30:00Z,35.1,97.4,0.0029,150.0,57.1,589.0
2026-04-21T07:31:00Z,34.8,98.5,0.0029,151.0,57.0,590.0
2026-04-21T07:32:00Z,34.4,99.6,0.0029,153.0,56.9,591.0
2026-04-21T07:33:00Z,34.1,100.7,0.003,154.0,56.8,593.0
2026-04-21T07:34:00Z,33.8,101.8,0.003,156.0,56.7,594.0
2026-04-21T07:35:00Z,33.5,102.8,0.003,157.0,56.6,596.0
2026-04-21T07:36:00Z,33.1,103.7,0.003,158.0,56.5,597.0
2026-04-21T07:37:00Z,32.8,104.6,0.003,159.0,56.4,598.0
2026-04-21T07:38:00Z,32.4,105.4,0.003,161.0,56.3,600.0
2026-04-21T07:39:00Z,32.0,106.2,0.0029,162.0,56.2,601.0
2026-04-21T07:40:00Z,31.6,107.1,0.0029,163.0,56.1,603.0
2026-04-21T07:41:00Z,31.3,108.0,0.0029,164.0,56.0,604.0
2026-04-21T07:42:00Z,30.9,109.0,0.0028,165.0,55.9,605.0
2026-04-21T07:43:00Z,30.6,110.0,0.0027,167.0,55.8,607.0
2026-04-21T07:44:00Z,30.3,111.1,0.0027,168.0,55.7,608.0
2026-04-21T07:45:00Z,30.0,112.2,0.0026,170.0,55.6,609.0
2026-04-21T07:46:00Z,29.9,113.4,0.0025,171.0,55.5,611.0
2026-04-21T07:47:00Z,29.8,114.7,0.0024,173.0,55.4,612.0
2026-04-21T07:48:00Z,29.7,116.0,0.0023,175.0,55.3,613.0
2026-04-21T07:49:00Z,29.8,117.2,0.0022,176.0,55.2,615.0
2026-04-21T07:50:00Z,29.8,118.5,0.0021,178.0,55.1,616.0
2026-04-21T07:51:00Z,30.0,119.7,0.002,180.0,55.0,617.0
2026-04-21T07:52:00Z,30.1,120.9,0.0021,181.0,54.9,619.0
2026-04-21T07:53:00Z,30.3,122.1,0.0022,183.0,54.8,620.0
2026-04-21T07:54:00Z,30.5,123.2,0.0023,184.0,54.7,621.0
2026-04-21T07:55:00Z,30.6,124.3,0.0024,186.0,54.6,622.0
2026-04-21T07:56:00Z,30.8,125.4,0.0025,187.0,54.5,624.0
2026-04-21T07:57:00Z,30.9,126.5,0.0025,189.0,54.4,625.0
2026-04-21T07:58:00Z,31.0,127.7,0.0026,190.0,54.3,626.0
2026-04-21T07:59:00Z,31.1,128.8,0.0027,192.0,54.2,627.0
2026-04-21T08:00:00Z,31.2,130.0,0.0028,193.0,54.1,629.0
2026-04-21T08:01:00Z,31.3,131.3,0.0028,195.0,54.0,630.0
2026-04-21T08:02:00Z,31.4,132.6,0.0029,197.0,53.9,631.0
2026-04-21T08:03:00Z,31.5,133.9,0.0029,198.0,53.8,632.0
2026-04-21T08:04:00Z,31.7,135.1,0.003,200.0,53.7,633.0
2026-04-21T08:05:00Z,32.0,136.3,0.003,202.0,53.6,635.0
2026-04-21T08:06:00Z,32.2,137.5,0.003,203.0,53.5,636.0
2026-04-21T08:07:00Z,32.6,138.6,0.003,205.0,53.4,637.0
2026-04-21T08:08:00Z,33.0,139.5,0.003,206.0,53.4,638.0
2026-04-21T08:09:00Z,33.4,140.4,0.003,207.0,53.3,639.0
2026-04-21T08:10:00Z,33.9,141.1,0.003,208.0,53.2,640.0
2026-04-21T08:11:00Z,34.4,141.7,0.0029,209.0,53.1,642.0
2026-04-21T08:12:00Z,34.9,142.2,0.0029,210.0,53.0,643.0
2026-04-21T08:13:00Z,35.4,142.7,0.0028,210.0,52.9,644.0
2026-04-21T08:14:00Z,35.9,143.1,0.0028,211.0,52.8,645.0
2026-04-21T08:15:00Z,36.4,143.5,0.0027,211.0,52.7,646.0
2026-04-21T08:16:00Z,36.9,143.9,0.0026,212.0,52.6,647.0
2026-04-21T08:17:00Z,37.3,144.4,0.0025,213.0,52.5,648.0
2026-04-21T08:18:00Z,37.8,145.0,0.0024,213.0,52.4,649.0
2026-04-21T08:19:00Z,38.3,145.7,0.0024,214.0,52.4,650.0
2026-04-21T08:20:00Z,38.7,146.4,0.0023,215.0,52.3,651.0
2026-04-21T08:21:00Z,39.2,147.2,0.0022,216.0,52.2,652.0
2026-04-21T08:22:00Z,39.7,148.0,0.0021,217.0,52.1,653.0
2026-04-21T08:23:00Z,40.2,148.8,0.002,218.0,52.0,654.0
2026-04-21T08:24:00Z,40.7,149.6,0.0021,219.0,52.0,655.0
2026-04-21T08:25:00Z,41.2,150.2,0.0022,220.0,51.9,656.0
2026-04-21T08:26:00Z,41.7,150.8,0.0023,221.0,51.8,657.0
2026-04-21T08:27:00Z,42.3,151.1,0.0024,222.0,51.7,658.0
2026-04-21T08:28:00Z,42.8,151.3,0.0025,222.0,51.6,659.0
2026-04-21T08:29:00Z,43.3,151.4,0.0026,222.0,51.6,660.0
2026-04-21T08:30:00Z,43.7,151.2,0.0027,222.0,51.5,661.0
2026-04-21T08:31:00Z,44.2,150.9,0.0027,221.0,51.4,662.0
2026-04-21T08:32:00Z,44.6,150.4,0.0028,221.0,51.4,663.0
2026-04-21T08:33:00Z,45.0,149.9,0.0029,220.0,51.3,664.0
2026-04-21T08:34:00Z,45.3,149.3,0.0029,219.0,51.2,665.0
2026-04-21T08:35:00Z,45.6,148.7,0.0029,218.0,51.2,666.0
2026-04-21T08:36:00Z,46.0,148.2,0.003,218.0,51.1,667.0
2026-04-21T08:37:00Z,46.3,147.7,0.003,217.0,51.0,668.0
2026-04-21T08:38:00Z,46.6,147.2,0.003,216.0,51.0,669.0
2026-04-21T08:39:00Z,46.9,146.9,0.003,216.0,50.9,669.0
2026-04-21T08:40:00Z,47.3,146.6,0.003,216.0,50.9,670.0
2026-04-21T08:41:00Z,47.7,146.4,0.003,215.0,50.8,671.0
2026-04-21T08:42:00Z,48.0,146.3,0.0029,215.0,50.8,672.0
2026-04-21T08:43:00Z,48.4,146.1,0.0029,215.0,50.7,673.0
2026-04-21T08:44:00Z,48.8,145.9,0.0028,215.0,50.6,674.0
2026-04-21T08:45:00Z,49.2,145.6,0.0028,214.0,50.6,674.0
2026-04-21T08:46:00Z,49.5,145.2,0.0027,214.0,50.6,675.0
2026-04-21T08:47:00Z,49.8,144.7,0.0026,213.0,50.5,676.0
2026-04-21T08:48:00Z,50.0,144.1,0.0026,212.0,50.5,677.0
2026-04-21T08:49:00Z,50.2,143.3,0.0025,211.0,50.4,677.0
2026-04-21T08:50:00Z,50.3,142.3,0.0024,210.0,50.4,678.0
2026-04-21T08:51:00Z,50.3,141.3,0.0023,208.0,50.3,679.0
2026-04-21T08:52:00Z,50.2,140.2,0.0022,207.0,50.3,680.0
2026-04-21T08:53:00Z,50.1,139.0,0.0021,205.0,50.3,680.0
2026-04-21T08:54:00Z,50.0,137.7,0.002,204.0,50.2,681.0
2026-04-21T08:55:00Z,49.9,136.5,0.0021,202.0,50.2,682.0
2026-04-21T08:56:00Z,49.7,135.3,0.0022,200.0,50.2,682.0
2026-04-21T08:57:00Z,49.5,134.1,0.0023,199.0,50.2,683.0
2026-04-21T08:58:00Z,49.4,133.0,0.0024,197.0,50.1,684.0
2026-04-21T08:59:00Z,49.2,131.9,0.0025,196.0,50.1,684.0
2026-04-21T09:00:00Z,49.1,130.9,0.0026,195.0,50.1,685.0
2026-04-21T09:01:00Z,49.0,129.9,0.0026,193.0,50.1,685.0
2026-04-21T09:02:00Z,48.9,128.9,0.0027,192.0,50.1,686.0
2026-04-21T09:03:00Z,48.8,127.9,0.0028,190.0,50.0,687.0
2026-04-21T09:04:00Z,48.7,126.8,0.0028,189.0,50.0,687.0
2026-04-21T09:05:00Z,48.6,125.7,0.0029,188.0,50.0,688.0
2026-04-21T09:06:00Z,48.4,124.6,0.0029,186.0,50.0,688.0
2026-04-21T09:07:00Z,48.3,123.4,0.003,185.0,50.0,689.0
2026-04-21T09:08:00Z,48.0,122.2,0.003,183.0,50.0,689.0
2026-04-21T09:09:00Z,47.7,121.0,0.003,181.0,50.0,690.0
2026-04-21T09:10:00Z,47.3,119.7,0.003,180.0,50.0,690.0
2026-04-21T09:11:00Z,46.9,118.5,0.003,178.0,50.0,691.0
2026-04-21T09:12:00Z,46.5,117.2,0.003,176.0,50.0,691.0
2026-04-21T09:13:00Z,46.0,116.0,0.0029,175.0,50.0,692.0
2026-04-21T09:14:00Z,45.5,114.9,0.0029,173.0,50.0,692.0
2026-04-21T09:15:00Z,45.0,113.8,0.0029,172.0,50.0,693.0
2026-04-21T09:16:00Z,44.5,112.7,0.0028,170.0,50.0,693.0
2026-04-21T09:17:00Z,44.0,111.7,0.0028,169.0,50.1,693.0
2026-04-21T09:18:00Z,43.5,110.7,0.0027,168.0,50.1,694.0
2026-04-21T09:19:00Z,43.0,109.7,0.0026,166.0,50.1,694.0
2026-04-21T09:20:00Z,42.6,108.7,0.0025,165.0,50.1,695.0
2026-04-21T09:21:00Z,42.1,107.6,0.0024,163.0,50.1,695.0
2026-04-21T09:22:00Z,41.7,106.5,0.0023,162.0,50.1,695.0
2026-04-21T09:23:00Z,41.2,105.4,0.0022,161.0,50.2,696.0
2026-04-21T09:24:00Z,40.7,104.2,0.0021,159.0,50.2,696.0
2026-04-21T09:25:00Z,40.2,103.0,0.002,157.0,50.2,696.0
2026-04-21T09:26:00Z,39.7,101.7,0.0021,156.0,50.3,697.0
2026-04-21T09:27:00Z,39.2,100.5,0.0022,154.0,50.3,697.0
2026-04-21T09:28:00Z,38.7,99.3,0.0022,152.0,50.3,697.0
2026-04-21T09:29:00Z,38.2,98.2,0.0023,151.0,50.4,697.0
2026-04-21T09:30:00Z,37.7,97.2,0.0024,150.0,50.4,698.0
2026-04-21T09:31:00Z,37.1,96.4,0.0025,148.0,50.4,698.0
2026-04-21T09:32:00Z,36.7,95.6,0.0026,148.0,50.5,698.0
2026-04-21T09:33:00Z,36.2,95.0,0.0027,147.0,50.5,698.0
2026-04-21T09:34:00Z,35.8,94.6,0.0028,146.0,50.6,699.0
2026-04-21T09:35:00Z,35.4,94.3,0.0028,146.0,50.6,699.0
2026-04-21T09:36:00Z,35.0,94.0,0.0029,145.0,50.7,699.0
2026-04-21T09:37:00Z,34.6,93.8,0.0029,145.0,50.7,699.0
2026-04-21T09:38:00Z,34.3,93.7,0.0029,145.0,50.8,699.0
2026-04-21T09:39:00Z,34.0,93.5,0.003,145.0,50.8,699.0
2026-04-21T09:40:00Z,33.7,93.3,0.003,144.0,50.9,699.0
2026-04-21T09:41:00Z,33.3,93.0,0.003,144.0,50.9,700.0
2026-04-21T09:42:00Z,33.0,92.6,0.003,143.0,51.0,700.0
2026-04-21T09:43:00Z,32.6,92.1,0.003,143.0,51.1,700.0
2026-04-21T09:44:00Z,32.3,91.6,0.003,142.0,51.1,700.0
2026-04-21T09:45:00Z,31.9,91.0,0.0029,141.0,51.2,700.0
2026-04-21T09:46:00Z,31.5,90.4,0.0029,141.0,51.3,700.0
2026-04-21T09:47:00Z,31.1,89.8,0.0028,140.0,51.3,700.0
2026-04-21T09:48:00Z,30.8,89.3,0.0028,139.0,51.4,700.0
2026-04-21T09:49:00Z,30.4,89.0,0.0027,139.0,51.5,700.0
2026-04-21T09:50:00Z,30.2,88.7,0.0026,138.0,51.5,700.0
2026-04-21T09:51:00Z,30.0,88.6,0.0026,138.0,51.6,700.0
2026-04-21T09:52:00Z,29.8,88.7,0.0025,138.0,51.7,700.0
2026-04-21T09:53:00Z,29.7,89.0,0.0024,139.0,51.8,700.0
2026-04-21T09:54:00Z,29.7,89.5,0.0023,139.0,51.8,700.0
2026-04-21T09:55:00Z,29.8,90.1,0.0022,140.0,51.9,700.0
2026-04-21T09:56:00Z,29.9,90.8,0.0021,141.0,52.0,700.0
2026-04-21T09:57:00Z,30.0,91.5,0.002,142.0,52.1,700.0
2026-04-21T09:58:00Z,30.2,92.4,0.0021,143.0,52.2,699.0
2026-04-21T09:59:00Z,30.3,93.2,0.0022,144.0,52.2,699.0
2026-04-21T10:00:00Z,30.5,93.9,0.0023,145.0,52.3,699.0
2026-04-21T10:01:00Z,30.7,94.6,0.0024,146.0,52.4,699.0
2026-04-21T10:02:00Z,30.8,95.2,0.0025,147.0,52.5,699.0
2026-04-21T10:03:00Z,30.9,95.8,0.0026,148.0,52.6,699.0
2026-04-21T10:04:00Z,31.0,96.3,0.0027,148.0,52.7,699.0
2026-04-21T10:05:00Z,31.1,96.7,0.0027,149.0,52.8,698.0
2026-04-21T10:06:00Z,31.2,97.1,0.0028,149.0,52.8,698.0
2026-04-21T10:07:00Z,31.3,97.5,0.0028,150.0,52.9,698.0
2026-04-21T10:08:00Z,31.4,98.0,0.0029,151.0,53.0,698.0
2026-04-21T10:09:00Z,31.6,98.6,0.0029,151.0,53.1,697.0
2026-04-21T10:10:00Z,31.8,99.2,0.003,152.0,53.2,697.0
2026-04-21T10:11:00Z,32.0,100.0,0.003,153.0,53.3,697.0
2026-04-21T10:12:00Z,32.4,100.9,0.003,155.0,53.4,697.0
2026-04-21T10:13:00Z,32.7,101.9,0.003,156.0,53.5,696.0
2026-04-21T10:14:00Z,33.1,103.0,0.003,157.0,53.6,696.0
2026-04-21T10:15:00Z,33.6,104.2,0.003,159.0,53.7,696.0
2026-04-21T10:16:00Z,34.1,105.4,0.0029,161.0,53.8,695.0
2026-04-21T10:17:00Z,34.6,106.7,0.0029,162.0,53.9,695.0
2026-04-21T10:18:00Z,35.1,108.0,0.0029,164.0,54.0,695.0
2026-04-21T10:19:00Z,35.6,109.3,0.0028,166.0,54.1,694.0
2026-04-21T10:20:00Z,36.1,110.5,0.0027,167.0,54.2,694.0
2026-04-21T10:21:00Z,36.6,111.7,0.0027,169.0,54.3,694.0
2026-04-21T10:22:00Z,37.0,112.9,0.0026,170.0,54.4,693.0
2026-04-21T10:23:00Z,37.5,114.0,0.0025,172.0,54.5,693.0
2026-04-21T10:24:00Z,38.0,115.1,0.0024,173.0,54.6,692.0
2026-04-21T10:25:00Z,38.4,116.2,0.0023,175.0,54.7,692.0
2026-04-21T10:26:00Z,38.9,117.3,0.0022,176.0,54.8,691.0
2026-04-21T10:27:00Z,39.4,118.4,0.0021,178.0,54.9,691.0
2026-04-21T10:28:00Z,39.8,119.6,0.002,179.0,55.0,690.0
2026-04-21T10:29:00Z,40.3,120.8,0.0021,181.0,55.1,690.0
2026-04-21T10:30:00Z,40.9,122.1,0.0022,183.0,55.2,689.0
2026-04-21T10:31:00Z,41.4,123.3,0.0023,184.0,55.3,689.0
2026-04-21T10:32:00Z,41.9,124.6,0.0024,186.0,55.4,688.0
2026-04-21T10:33:00Z,42.4,125.9,0.0025,188.0,55.5,688.0
2026-04-21T10:34:00Z,42.9,127.1,0.0025,189.0,55.6,687.0
2026-04-21T10:35:00Z,43.4,128.3,0.0026,191.0,55.7,687.0
2026-04-21T10:36:00Z,43.9,129.4,0.0027,193.0,55.8,686.0
2026-04-21T10:37:00Z,44.3,130.5,0.0028,194.0,55.9,685.0
2026-04-21T10:38:00Z,44.7,131.5,0.0028,195.0,56.0,685.0
2026-04-21T10:39:00Z,45.1,132.4,0.0029,197.0,56.1,684.0
2026-04-21T10:40:00Z,45.4,133.3,0.0029,198.0,56.2,684.0
2026-04-21T10:41:00Z,45.7,134.1,0.003,199.0,56.3,683.0
2026-04-21T10:42:00Z,46.1,135.0,0.003,200.0,56.4,682.0
2026-04-21T10:43:00Z,46.4,135.8,0.003,201.0,56.4,682.0
2026-04-21T10:44:00Z,46.7,136.7,0.003,202.0,56.5,681.0
2026-04-21T10:45:00Z,47.1,137.7,0.003,204.0,56.6,680.0
2026-04-21T10:46:00Z,47.4,138.7,0.003,205.0,56.7,680.0
2026-04-21T10:47:00Z,47.8,139.7,0.003,206.0,56.8,679.0
2026-04-21T10:48:00Z,48.2,140.9,0.0029,208.0,56.9,678.0
2026-04-21T10:49:00Z,48.6,142.0,0.0029,209.0,57.0,677.0
2026-04-21T10:50:00Z,48.9,143.1,0.0028,211.0,57.1,677.0
2026-04-21T10:51:00Z,49.3,144.2,0.0028,212.0,57.2,676.0
2026-04-21T10:52:00Z,49.6,145.2,0.0027,214.0,57.3,675.0
2026-04-21T10:53:00Z,49.9,146.2,0.0026,215.0,57.4,674.0
2026-04-21T10:54:00Z,50.1,146.9,0.0025,216.0,57.5,674.0
2026-04-21T10:55:00Z,50.2,147.6,0.0025,217.0,57.5,673.0
2026-04-21T10:56:00Z,50.3,148.0,0.0024,217.0,57.6,672.0
2026-04-21T10:57:00Z,50.3,148.3,0.0023,218.0,57.7,671.0
2026-04-21T10:58:00Z,50.2,148.5,0.0022,218.0,57.8,670.0
2026-04-21T10:59:00Z,50.1,148.6,0.0021,218.0,57.9,669.0
2026-04-21T11:00:00Z,50.0,148.5,0.002,218.0,58.0,669.0
2026-04-21T11:01:00Z,49.8,148.4,0.0021,218.0,58.0,668.0
2026-04-21T11:02:00Z,49.6,148.3,0.0022,218.0,58.1,667.0
2026-04-21T11:03:00Z,49.5,148.3,0.0023,218.0,58.2,666.0
2026-04-21T11:04:00Z,49.3,148.3,0.0024,218.0,58.3,665.0
2026-04-21T11:05:00Z,49.2,148.3,0.0025,218.0,58.3,664.0
2026-04-21T11:06:00Z,49.1,148.5,0.0026,218.0,58.4,663.0
2026-04-21T11:07:00Z,49.0,148.8,0.0027,218.0,58.5,662.0
2026-04-21T11:08:00Z,48.9,149.1,0.0027,219.0,58.6,661.0
2026-04-21T11:09:00Z,48.8,149.4,0.0028,219.0,58.6,660.0
2026-04-21T11:10:00Z,48.7,149.8,0.0029,220.0,58.7,660.0
2026-04-21T11:11:00Z,48.6,150.1,0.0029,220.0,58.8,659.0
2026-04-21T11:12:00Z,48.4,150.3,0.0029,220.0,58.8,658.0
2026-04-21T11:13:00Z,48.2,150.4,0.003,221.0,58.9,657.0
2026-04-21T11:14:00Z,47.9,150.3,0.003,220.0,59.0,656.0
2026-04-21T11:15:00Z,47.6,150.1,0.003,220.0,59.0,655.0
2026-04-21T11:16:00Z,47.2,149.7,0.003,220.0,59.1,654.0
2026-04-21T11:17:00Z,46.8,149.1,0.003,219.0,59.1,653.0
2026-04-21T11:18:00Z,46.3,148.4,0.003,218.0,59.2,651.0
2026-04-21T11:19:00Z,45.8,147.6,0.0029,217.0,59.2,650.0
2026-04-21T11:20:00Z,45.3,146.6,0.0029,216.0,59.3,649.0
2026-04-21T11:21:00Z,44.8,145.7,0.0028,214.0,59.3,648.0
2026-04-21T11:22:00Z,44.3,144.7,0.0028,213.0,59.4,647.0
2026-04-21T11:23:00Z,43.8,143.7,0.0027,212.0,59.4,646.0
2026-04-21T11:24:00Z,43.4,142.8,0.0027,210.0,59.5,645.0
2026-04-21T11:25:00Z,42.9,141.9,0.0026,209.0,59.5,644.0
2026-04-21T11:26:00Z,42.4,141.1,0.0025,208.0,59.6,643.0
2026-04-21T11:27:00Z,42.0,140.4,0.0024,207.0,59.6,642.0
2026-04-21T11:28:00Z,41.5,139.7,0.0023,206.0,59.6,641.0
2026-04-21T11:29:00Z,41.0,139.1,0.0022,205.0,59.7,639.0
2026-04-21T11:30:00Z,40.6,138.4,0.0021,205.0,59.7,638.0
2026-04-21T11:31:00Z,40.1,137.7,0.002,204.0,59.8,637.0
2026-04-21T11:32:00Z,39.6,137.0,0.0021,203.0,59.8,636.0
2026-04-21T11:33:00Z,39.1,136.2,0.0022,202.0,59.8,635.0
2026-04-21T11:34:00Z,38.5,135.3,0.0023,200.0,59.8,634.0
2026-04-21T11:35:00Z,38.0,134.3,0.0024,199.0,59.9,632.0
2026-04-21T11:36:00Z,37.5,133.3,0.0025,198.0,59.9,631.0
2026-04-21T11:37:00Z,37.0,132.1,0.0026,196.0,59.9,630.0
2026-04-21T11:38:00Z,36.5,130.9,0.0026,194.0,59.9,629.0
2026-04-21T11:39:00Z,36.0,129.6,0.0027,193.0,59.9,627.0
2026-04-21T11:40:00Z,35.6,128.3,0.0028,191.0,60.0,626.0
2026-04-21T11:41:00Z,35.2,127.0,0.0028,189.0,60.0,625.0
2026-04-21T11:42:00Z,34.9,125.8,0.0029,188.0,60.0,624.0
2026-04-21T11:43:00Z,34.5,124.5,0.0029,186.0,60.0,622.0
2026-04-21T11:44:00Z,34.2,123.3,0.003,184.0,60.0,621.0
2026-04-21T11:45:00Z,33.9,122.1,0.003,183.0,60.0,620.0
2026-04-21T11:46:00Z,33.6,121.0,0.003,181.0,60.0,619.0
2026-04-21T11:47:00Z,33.2,119.8,0.003,180.0,60.0,617.0
2026-04-21T11:48:00Z,32.9,118.7,0.003,178.0,60.0,616.0
2026-04-21T11:49:00Z,32.5,117.5,0.003,177.0,60.0,615.0
2026-04-21T11:50:00Z,32.1,116.4,0.003,175.0,60.0,613.0
2026-04-21T11:51:00Z,31.8,115.1,0.0029,174.0,60.0,612.0
2026-04-21T11:52:00Z,31.4,113.9,0.0029,172.0,60.0,611.0
2026-04-21T11:53:00Z,31.0,112.6,0.0028,170.0,60.0,609.0
2026-04-21T11:54:00Z,30.7,111.3,0.0028,168.0,59.9,608.0
2026-04-21T11:55:00Z,30.4,110.0,0.0027,167.0,59.9,607.0
2026-04-21T11:56:00Z,30.1,108.8,0.0026,165.0,59.9,605.0
2026-04-21T11:57:00Z,29.9,107.6,0.0025,163.0,59.9,604.0
2026-04-21T11:58:00Z,29.8,106.4,0.0024,162.0,59.9,603.0
2026-04-21T11:59:00Z,29.7,105.4,0.0023,161.0,59.9,601.0
2026-04-21T12:00:00Z,29.7,104.4,0.0023,159.0,59.8,600.0
2026-04-21T12:01:00Z,29.8,103.6,0.0022,158.0,59.8,599.0
2026-04-21T12:02:00Z,29.9,102.8,0.0021,157.0,59.8,597.0
2026-04-21T12:03:00Z,30.1,102.1,0.002,156.0,59.7,596.0
2026-04-21T12:04:00Z,30.2,101.4,0.0021,155.0,59.7,594.0
2026-04-21T12:05:00Z,30.4,100.8,0.0022,154.0,59.7,593.0
2026-04-21T12:06:00Z,30.6,100.1,0.0023,153.0,59.6,592.0
2026-04-21T12:07:00Z,30.7,99.4,0.0024,153.0,59.6,590.0
2026-04-21T12:08:00Z,30.8,98.7,0.0025,152.0,59.6,589.0
2026-04-21T12:09:00Z,31.0,97.9,0.0026,150.0,59.5,587.0
2026-04-21T12:10:00Z,31.1,97.0,0.0027,149.0,59.5,586.0
2026-04-21T12:11:00Z,31.1,96.0,0.0027,148.0,59.4,584.0
2026-04-21T12:12:00Z,31.2,95.1,0.0028,147.0,59.4,583.0
2026-04-21T12:13:00Z,31.3,94.1,0.0029,145.0,59.3,581.0
2026-04-21T12:14:00Z,31.5,93.1,0.0029,144.0,59.3,580.0
2026-04-21T12:15:00Z,31.6,92.2,0.0029,143.0,59.2,578.0
2026-04-21T12:16:00Z,31.9,91.4,0.003,142.0,59.2,577.0
2026-04-21T12:17:00Z,32.1,90.7,0.003,141.0,59.1,576.0
2026-04-21T12:18:00Z,32.5,90.2,0.003,140.0,59.1,574.0
2026-04-21T12:19:00Z,32.9,89.8,0.003,140.0,59.0,573.0
2026-04-21T12:20:00Z,33.3,89.6,0.003,140.0,58.9,571.0
2026-04-21T12:21:00Z,33.7,89.6,0.003,139.0,58.9,570.0
2026-04-21T12:22:00Z,34.2,89.8,0.0029,140.0,58.8,568.0
2026-04-21T12:23:00Z,34.7,90.0,0.0029,140.0,58.7,567.0
2026-04-21T12:24:00Z,35.2,90.3,0.0028,140.0,58.7,565.0
2026-04-21T12:25:00Z,35.8,90.7,0.0028,141.0,58.6,564.0
2026-04-21T12:26:00Z,36.2,91.0,0.0027,141.0,58.5,562.0
2026-04-21T12:27:00Z,36.7,91.3,0.0026,142.0,58.5,560.0
2026-04-21T12:28:00Z,37.2,91.5,0.0026,142.0,58.4,559.0
2026-04-21T12:29:00Z,37.7,91.7,0.0025,142.0,58.3,557.0
2026-04-21T12:30:00Z,38.1,91.7,0.0024,142.0,58.3,556.0
2026-04-21T12:31:00Z,38.6,91.7,0.0023,142.0,58.2,554.0
2026-04-21T12:32:00Z,39.0,91.6,0.0022,142.0,58.1,553.0
2026-04-21T12:33:00Z,39.5,91.5,0.0021,142.0,58.0,551.0
2026-04-21T12:34:00Z,40.0,91.5,0.002,142.0,57.9,550.0
2026-04-21T12:35:00Z,40.5,91.4,0.0021,142.0,57.9,548.0
2026-04-21T12:36:00Z,41.0,91.5,0.0022,142.0,57.8,547.0
2026-04-21T12:37:00Z,41.6,91.7,0.0023,142.0,57.7,545.0
2026-04-21T12:38:00Z,42.1,92.1,0.0024,143.0,57.6,543.0
2026-04-21T12:39:00Z,42.6,92.6,0.0025,143.0,57.5,542.0
2026-04-21T12:40:00Z,43.1,93.3,0.0026,144.0,57.4,540.0
2026-04-21T12:41:00Z,43.6,94.1,0.0026,145.0,57.3,539.0
2026-04-21T12:42:00Z,44.0,95.0,0.0027,147.0,57.3,537.0
2026-04-21T12:43:00Z,44.4,96.1,0.0028,148.0,57.2,536.0
2026-04-21T12:44:00Z,44.8,97.2,0.0028,150.0,57.1,534.0
2026-04-21T12:45:00Z,45.2,98.3,0.0029,151.0,57.0,532.0
2026-04-21T12:46:00Z,45.5,99.5,0.0029,153.0,56.9,531.0
2026-04-21T12:47:00Z,45.8,100.6,0.003,154.0,56.8,529.0
2026-04-21T12:48:00Z,46.2,101.6,0.003,155.0,56.7,528.0
2026-04-21T12:49:00Z,46.5,102.6,0.003,157.0,56.6,526.0
2026-04-21T12:50:00Z,46.8,103.5,0.003,158.0,56.5,525.0
2026-04-21T12:51:00Z,47.2,104.4,0.003,159.0,56.4,523.0
2026-04-21T12:52:00Z,47.5,105.3,0.003,160.0,56.3,521.0
2026-04-21T12:53:00Z,47.9,106.1,0.0029,161.0,56.2,520.0
2026-04-21T12:54:00Z,48.3,107.0,0.0029,163.0,56.1,518.0
2026-04-21T12:55:00Z,48.7,107.9,0.0029,164.0,56.0,517.0
2026-04-21T12:56:00Z,49.1,108.8,0.0028,165.0,55.9,515.0
2026-04-21T12:57:00Z,49.4,109.8,0.0027,166.0,55.8,513.0
2026-04-21T12:58:00Z,49.7,110.9,0.0027,168.0,55.7,512.0
2026-04-21T12:59:00Z,49.9,112.0,0.0026,169.0,55.6,510.0
2026-04-21T13:00:00Z,50.1,113.3,0.0025,171.0,55.5,509.0
2026-04-21T13:01:00Z,50.2,114.5,0.0024,173.0,55.4,507.0
2026-04-21T13:02:00Z,50.3,115.8,0.0023,174.0,55.3,505.0
2026-04-21T13:03:00Z,50.3,117.0,0.0022,176.0,55.2,504.0
2026-04-21T13:04:00Z,50.2,118.3,0.0021,178.0,55.1,502.0
2026-04-21T13:05:00Z,50.1,119.5,0.002,179.0,55.0,501.0
2026-04-21T13:06:00Z,49.9,120.7,0.0021,181.0,54.9,501.0
2026-04-21T13:07:00Z,49.7,121.9,0.0022,183.0,54.8,503.0
2026-04-21T13:08:00Z,49.6,123.0,0.0023,184.0,54.7,504.0
2026-04-21T13:09:00Z,49.4,124.1,0.0024,185.0,54.6,506.0
2026-04-21T13:10:00Z,49.3,125.2,0.0024,187.0,54.5,507.0
2026-04-21T13:11:00Z,49.1,126.3,0.0025,188.0,54.4,509.0
2026-04-21T13:12:00Z,49.0,127.5,0.0026,190.0,54.3,511.0
2026-04-21T13:13:00Z,48.9,128.6,0.0027,192.0,54.2,512.0
2026-04-21T13:14:00Z,48.8,129.9,0.0028,193.0,54.1,514.0
2026-04-21T13:15:00Z,48.8,131.1,0.0028,195.0,54.0,515.0
2026-04-21T13:16:00Z,48.6,132.4,0.0029,196.0,53.9,517.0
2026-04-21T13:17:00Z,48.5,133.7,0.0029,198.0,53.9,519.0
2026-04-21T13:18:00Z,48.3,134.9,0.003,200.0,53.8,520.0
2026-04-21T13:19:00Z,48.1,136.2,0.003,202.0,53.7,522.0
2026-04-21T13:20:00Z,47.8,137.3,0.003,203.0,53.6,523.0
2026-04-21T13:21:00Z,47.5,138.4,0.003,205.0,53.5,525.0
2026-04-21T13:22:00Z,47.1,139.4,0.003,206.0,53.4,526.0
2026-04-21T13:23:00Z,46.6,140.2,0.003,207.0,53.3,528.0
2026-04-21T13:24:00Z,46.2,141.0,0.003,208.0,53.2,530.0
2026-04-21T13:25:00Z,45.7,141.6,0.0029,209.0,53.1,531.0
2026-04-21T13:26:00Z,45.2,142.1,0.0029,210.0,53.0,533.0
2026-04-21T13:27:00Z,44.7,142.6,0.0028,210.0,52.9,534.0
2026-04-21T13:28:00Z,44.2,143.0,0.0028,211.0,52.8,536.0
2026-04-21T13:29:00Z,43.7,143.4,0.0027,211.0,52.7,538.0
2026-04-21T13:30:00Z,43.2,143.9,0.0026,212.0,52.6,539.0
2026-04-21T13:31:00Z,42.7,144.4,0.0025,212.0,52.6,541.0
2026-04-21T13:32:00Z,42.3,144.9,0.0025,213.0,52.5,542.0
2026-04-21T13:33:00Z,41.8,145.6,0.0024,214.0,52.4,544.0
2026-04-21T13:34:00Z,41.3,146.3,0.0023,215.0,52.3,545.0
2026-04-21T13:35:00Z,40.9,147.1,0.0022,216.0,52.2,547.0
2026-04-21T13:36:00Z,40.4,147.9,0.0021,217.0,52.1,548.0
2026-04-21T13:37:00Z,39.9,148.7,0.002,218.0,52.0,550.0
2026-04-21T13:38:00Z,39.4,149.4,0.0021,219.0,52.0,552.0
2026-04-21T13:39:00Z,38.9,150.1,0.0022,220.0,51.9,553.0
2026-04-21T13:40:00Z,38.3,150.7,0.0023,221.0,51.8,555.0
2026-04-21T13:41:00Z,37.8,151.1,0.0024,221.0,51.7,556.0
2026-04-21T13:42:00Z,37.3,151.3,0.0025,222.0,51.7,558.0
2026-04-21T13:43:00Z,36.8,151.4,0.0026,222.0,51.6,559.0
2026-04-21T13:44:00Z,36.3,151.2,0.0027,222.0,51.5,561.0
2026-04-21T13:45:00Z,35.9,150.9,0.0027,221.0,51.4,562.0
2026-04-21T13:46:00Z,35.5,150.5,0.0028,221.0,51.4,564.0
2026-04-21T13:47:00Z,35.1,150.0,0.0029,220.0,51.3,565.0
2026-04-21T13:48:00Z,34.8,149.4,0.0029,219.0,51.2,567.0
2026-04-21T13:49:00Z,34.4,148.8,0.0029,218.0,51.2,568.0
2026-04-21T13:50:00Z,34.1,148.3,0.003,218.0,51.1,570.0
2026-04-21T13:51:00Z,33.8,147.7,0.003,217.0,51.0,571.0
2026-04-21T13:52:00Z,33.5,147.3,0.003,216.0,51.0,573.0
2026-04-21T13:53:00Z,33.1,146.9,0.003,216.0,50.9,574.0
2026-04-21T13:54:00Z,32.8,146.7,0.003,216.0,50.9,576.0
2026-04-21T13:55:00Z,32.4,146.5,0.003,215.0,50.8,577.0
2026-04-21T13:56:00Z,32.0,146.3,0.0029,215.0,50.8,579.0
2026-04-21T13:57:00Z,31.6,146.1,0.0029,215.0,50.7,580.0
2026-04-21T13:58:00Z,31.2,145.9,0.0029,215.0,50.7,582.0
2026-04-21T13:59:00Z,30.9,145.7,0.0028,214.0,50.6,583.0
2026-04-21T14:00:00Z,30.5,145.3,0.0027,214.0,50.6,585.0
2026-04-21T14:01:00Z,30.3,144.8,0.0027,213.0,50.5,586.0
2026-04-21T14:02:00Z,30.0,144.2,0.0026,212.0,50.5,587.0
2026-04-21T14:03:00Z,29.9,143.4,0.0025,211.0,50.4,589.0
2026-04-21T14:04:00Z,29.8,142.5,0.0024,210.0,50.4,590.0
2026-04-21T14:05:00Z,29.7,141.5,0.0023,209.0,50.4,592.0
2026-04-21T14:06:00Z,29.8,140.3,0.0022,207.0,50.3,593.0
2026-04-21T14:07:00Z,29.8,139.1,0.0021,206.0,50.3,595.0
2026-04-21T14:08:00Z,30.0,137.9,0.002,204.0,50.3,596.0
2026-04-21T14:09:00Z,30.1,136.7,0.0021,202.0,50.2,597.0
2026-04-21T14:10:00Z,30.3,135.5,0.0022,201.0,50.2,599.0
2026-04-21T14:11:00Z,30.5,134.3,0.0023,199.0,50.2,600.0
2026-04-21T14:12:00Z,30.6,133.2,0.0024,198.0,50.1,602.0
2026-04-21T14:13:00Z,30.8,132.1,0.0025,196.0,50.1,603.0
2026-04-21T14:14:00Z,30.9,131.0,0.0025,195.0,50.1,604.0
2026-04-21T14:15:00Z,31.0,130.0,0.0026,193.0,50.1,606.0
2026-04-21T14:16:00Z,31.1,129.0,0.0027,192.0,50.1,607.0
2026-04-21T14:17:00Z,31.2,128.0,0.0028,191.0,50.0,608.0
2026-04-21T14:18:00Z,31.3,127.0,0.0028,189.0,50.0,610.0
2026-04-21T14:19:00Z,31.4,125.9,0.0029,188.0,50.0,611.0
2026-04-21T14:20:00Z,31.5,124.8,0.0029,186.0,50.0,612.0
2026-04-21T14:21:00Z,31.7,123.6,0.003,185.0,50.0,614.0
2026-04-21T14:22:00Z,32.0,122.4,0.003,183.0,50.0,615.0
2026-04-21T14:23:00Z,32.3,121.2,0.003,182.0,50.0,616.0
2026-04-21T14:24:00Z,32.6,119.9,0.003,180.0,50.0,618.0
2026-04-21T14:25:00Z,33.0,118.7,0.003,178.0,50.0,619.0
2026-04-21T14:26:00Z,33.4,117.4,0.003,177.0,50.0,620.0
2026-04-21T14:27:00Z,33.9,116.2,0.003,175.0,50.0,621.0
2026-04-21T14:28:00Z,34.4,115.1,0.0029,173.0,50.0,623.0
2026-04-21T14:29:00Z,34.9,114.0,0.0029,172.0,50.0,624.0
2026-04-21T14:30:00Z,35.4,112.9,0.0028,171.0,50.0,625.0
2026-04-21T14:31:00Z,35.9,111.9,0.0028,169.0,50.0,627.0
2026-04-21T14:32:00Z,36.4,110.8,0.0027,168.0,50.1,628.0
2026-04-21T14:33:00Z,36.9,109.8,0.0026,166.0,50.1,629.0
2026-04-21T14:34:00Z,37.4,108.8,0.0025,165.0,50.1,630.0
2026-04-21T14:35:00Z,37.8,107.8,0.0024,164.0,50.1,631.0
2026-04-21T14:36:00Z,38.3,106.7,0.0024,162.0,50.1,633.0
2026-04-21T14:37:00Z,38.7,105.6,0.0023,161.0,50.2,634.0
2026-04-21T14:38:00Z,39.2,104.4,0.0022,159.0,50.2,635.0
2026-04-21T14:39:00Z,39.7,103.2,0.0021,158.0,50.2,636.0
2026-04-21T14:40:00Z,40.2,101.9,0.002,156.0,50.3,637.0
2026-04-21T14:41:00Z,40.7,100.7,0.0021,154.0,50.3,638.0
2026-04-21T14:42:00Z,41.2,99.5,0.0022,153.0,50.3,640.0
2026-04-21T14:43:00Z,41.7,98.4,0.0023,151.0,50.4,641.0
2026-04-21T14:44:00Z,42.3,97.4,0.0024,150.0,50.4,642.0
2026-04-21T14:45:00Z,42.8,96.5,0.0025,149.0,50.4,643.0
2026-04-21T14:46:00Z,43.3,95.7,0.0026,148.0,50.5,644.0
2026-04-21T14:47:00Z,43.7,95.1,0.0027,147.0,50.5,645.0
2026-04-21T14:48:00Z,44.2,94.7,0.0027,146.0,50.6,646.0
2026-04-21T14:49:00Z,44.6,94.3,0.0028,146.0,50.6,647.0
2026-04-21T14:50:00Z,45.0,94.0,0.0029,145.0,50.7,649.0
2026-04-21T14:51:00Z,45.3,93.9,0.0029,145.0,50.7,650.0
2026-04-21T14:52:00Z,45.6,93.7,0.0029,145.0,50.8,651.0
2026-04-21T14:53:00Z,46.0,93.5,0.003,145.0,50.8,652.0
2026-04-21T14:54:00Z,46.3,93.3,0.003,144.0,50.9,653.0
2026-04-21T14:55:00Z,46.6,93.0,0.003,144.0,50.9,654.0
2026-04-21T14:56:00Z,46.9,92.6,0.003,144.0,51.0,655.0
2026-04-21T14:57:00Z,47.3,92.2,0.003,143.0,51.1,656.0
2026-04-21T14:58:00Z,47.7,91.7,0.003,142.0,51.1,657.0
2026-04-21T14:59:00Z,48.0,91.1,0.0029,141.0,51.2,658.0
2026-04-21T15:00:00Z,48.4,90.5,0.0029,141.0,51.2,659.0
2026-04-21T15:01:00Z,48.8,89.9,0.0028,140.0,51.3,660.0
2026-04-21T15:02:00Z,49.2,89.4,0.0028,139.0,51.4,661.0
2026-04-21T15:03:00Z,49.5,89.0,0.0027,139.0,51.4,662.0
2026-04-21T15:04:00Z,49.8,88.7,0.0026,138.0,51.5,663.0
2026-04-21T15:05:00Z,50.0,88.6,0.0026,138.0,51.6,663.0
2026-04-21T15:06:00Z,50.2,88.7,0.0025,138.0,51.7,664.0
2026-04-21T15:07:00Z,50.3,89.0,0.0024,139.0,51.7,665.0
2026-04-21T15:08:00Z,50.3,89.4,0.0023,139.0,51.8,666.0
2026-04-21T15:09:00Z,50.2,90.0,0.0022,140.0,51.9,667.0
2026-04-21T15:10:00Z,50.1,90.6,0.0021,141.0,52.0,668.0
2026-04-21T15:11:00Z,50.0,91.4,0.002,142.0,52.1,669.0
2026-04-21T15:12:00Z,49.9,92.2,0.0021,143.0,52.1,670.0
2026-04-21T15:13:00Z,49.7,93.0,0.0022,144.0,52.2,671.0
2026-04-21T15:14:00Z,49.5,93.8,0.0023,145.0,52.3,671.0
2026-04-21T15:15:00Z,49.4,94.5,0.0024,146.0,52.4,672.0
2026-04-21T15:16:00Z,49.2,95.1,0.0025,147.0,52.5,673.0
2026-04-21T15:17:00Z,49.1,95.7,0.0026,148.0,52.6,674.0
2026-04-21T15:18:00Z,49.0,96.2,0.0026,148.0,52.6,675.0
2026-04-21T15:19:00Z,48.9,96.6,0.0027,149.0,52.7,675.0
2026-04-21T15:20:00Z,48.8,97.0,0.0028,149.0,52.8,676.0
2026-04-21T15:21:00Z,48.7,97.5,0.0028,150.0,52.9,677.0
2026-04-21T15:22:00Z,48.6,97.9,0.0029,151.0,53.0,678.0
2026-04-21T15:23:00Z,48.4,98.5,0.0029,151.0,53.1,678.0
2026-04-21T15:24:00Z,48.2,99.1,0.003,152.0,53.2,679.0
2026-04-21T15:25:00Z,48.0,99.9,0.003,153.0,53.3,680.0
2026-04-21T15:26:00Z,47.7,100.7,0.003,154.0,53.4,680.0
2026-04-21T15:27:00Z,47.3,101.7,0.003,156.0,53.5,681.0
2026-04-21T15:28:00Z,46.9,102.8,0.003,157.0,53.6,682.0
2026-04-21T15:29:00Z,46.5,104.0,0.003,159.0,53.7,682.0
2026-04-21T15:30:00Z,46.0,105.2,0.0029,160.0,53.8,683.0
2026-04-21T15:31:00Z,45.5,106.5,0.0029,162.0,53.9,684.0
2026-04-21T15:32:00Z,45.0,107.8,0.0029,164.0,54.0,684.0
2026-04-21T15:33:00Z,44.5,109.1,0.0028,165.0,54.1,685.0
2026-04-21T15:34:00Z,44.0,110.3,0.0027,167.0,54.2,686.0
2026-04-21T15:35:00Z,43.5,111.5,0.0027,169.0,54.3,686.0
2026-04-21T15:36:00Z,43.0,112.7,0.0026,170.0,54.4,687.0
2026-04-21T15:37:00Z,42.6,113.8,0.0025,172.0,54.5,687.0
2026-04-21T15:38:00Z,42.1,114.9,0.0024,173.0,54.6,688.0
2026-04-21T15:39:00Z,41.7,116.0,0.0023,175.0,54.7,688.0
2026-04-21T15:40:00Z,41.2,117.1,0.0022,176.0,54.8,689.0
2026-04-21T15:41:00Z,40.7,118.3,0.0021,178.0,54.9,689.0
2026-04-21T15:42:00Z,40.2,119.4,0.002,179.0,55.0,690.0
2026-04-21T15:43:00Z,39.7,120.6,0.0021,181.0,55.1,690.0
2026-04-21T15:44:00Z,39.2,121.9,0.0022,182.0,55.2,691.0
2026-04-21T15:45:00Z,38.7,123.1,0.0022,184.0,55.3,691.0
2026-04-21T15:46:00Z,38.2,124.4,0.0023,186.0,55.4,692.0
2026-04-21T15:47:00Z,37.6,125.7,0.0024,188.0,55.5,692.0
2026-04-21T15:48:00Z,37.1,126.9,0.0025,189.0,55.6,693.0
2026-04-21T15:49:00Z,36.6,128.1,0.0026,191.0,55.7,693.0
2026-04-21T15:50:00Z,36.2,129.2,0.0027,192.0,55.7,694.0
2026-04-21T15:51:00Z,35.8,130.3,0.0028,194.0,55.8,694.0
2026-04-21T15:52:00Z,35.4,131.3,0.0028,195.0,55.9,694.0
2026-04-21T15:53:00Z,35.0,132.2,0.0029,196.0,56.0,695.0
2026-04-21T15:54:00Z,34.6,133.1,0.0029,198.0,56.1,695.0
2026-04-21T15:55:00Z,34.3,134.0,0.0029,199.0,56.2,695.0
2026-04-21T15:56:00Z,34.0,134.8,0.003,200.0,56.3,696.0
2026-04-21T15:57:00Z,33.7,135.7,0.003,201.0,56.4,696.0
2026-04-21T15:58:00Z,33.3,136.6,0.003,202.0,56.5,696.0
2026-04-21T15:59:00Z,33.0,137.5,0.003,203.0,56.6,697.0
2026-04-21T16:00:00Z,32.6,138.5,0.003,205.0,56.7,697.0
2026-04-21T16:01:00Z,32.3,139.6,0.003,206.0,56.8,697.0
2026-04-21T16:02:00Z,31.9,140.7,0.0029,208.0,56.9,698.0
2026-04-21T16:03:00Z,31.5,141.8,0.0029,209.0,57.0,698.0
2026-04-21T16:04:00Z,31.1,142.9,0.0028,211.0,57.1,698.0
2026-04-21T16:05:00Z,30.8,144.1,0.0028,212.0,57.2,698.0
2026-04-21T16:06:00Z,30.4,145.1,0.0027,213.0,57.3,698.0
2026-04-21T16:07:00Z,30.2,146.0,0.0026,215.0,57.4,699.0
2026-04-21T16:08:00Z,30.0,146.8,0.0026,216.0,57.4,699.0
2026-04-21T16:09:00Z,29.8,147.5,0.0025,217.0,57.5,699.0
2026-04-21T16:10:00Z,29.7,148.0,0.0024,217.0,57.6,699.0
2026-04-21T16:11:00Z,29.7,148.3,0.0023,218.0,57.7,699.0
2026-04-21T16:12:00Z,29.8,148.5,0.0022,218.0,57.8,699.0
2026-04-21T16:13:00Z,29.9,148.6,0.0021,218.0,57.9,700.0
2026-04-21T16:14:00Z,30.0,148.5,0.002,218.0,57.9,700.0
2026-04-21T16:15:00Z,30.2,148.4,0.0021,218.0,58.0,700.0
2026-04-21T16:16:00Z,30.3,148.3,0.0022,218.0,58.1,700.0
2026-04-21T16:17:00Z,30.5,148.3,0.0023,218.0,58.2,700.0
2026-04-21T16:18:00Z,30.7,148.3,0.0024,218.0,58.3,700.0
2026-04-21T16:19:00Z,30.8,148.3,0.0025,218.0,58.3,700.0
2026-04-21T16:20:00Z,30.9,148.5,0.0026,218.0,58.4,700.0
2026-04-21T16:21:00Z,31.0,148.7,0.0027,218.0,58.5,700.0
2026-04-21T16:22:00Z,31.1,149.0,0.0027,219.0,58.6,700.0
2026-04-21T16:23:00Z,31.2,149.4,0.0028,219.0,58.6,700.0
2026-04-21T16:24:00Z,31.3,149.7,0.0028,220.0,58.7,700.0
2026-04-21T16:25:00Z,31.4,150.0,0.0029,220.0,58.8,700.0
2026-04-21T16:26:00Z,31.6,150.3,0.0029,220.0,58.8,700.0
2026-04-21T16:27:00Z,31.8,150.4,0.003,221.0,58.9,700.0
2026-04-21T16:28:00Z,32.0,150.4,0.003,220.0,58.9,700.0
2026-04-21T16:29:00Z,32.4,150.2,0.003,220.0,59.0,700.0
2026-04-21T16:30:00Z,32.7,149.8,0.003,220.0,59.1,700.0
2026-04-21T16:31:00Z,33.1,149.2,0.003,219.0,59.1,699.0
2026-04-21T16:32:00Z,33.6,148.5,0.003,218.0,59.2,699.0
2026-04-21T16:33:00Z,34.1,147.7,0.0029,217.0,59.2,699.0
2026-04-21T16:34:00Z,34.6,146.8,0.0029,216.0,59.3,699.0
2026-04-21T16:35:00Z,35.1,145.8,0.0029,214.0,59.3,699.0
2026-04-21T16:36:00Z,35.6,144.8,0.0028,213.0,59.4,699.0
2026-04-21T16:37:00Z,36.1,143.8,0.0027,212.0,59.4,699.0
2026-04-21T16:38:00Z,36.6,142.9,0.0027,211.0,59.5,698.0
2026-04-21T16:39:00Z,37.0,142.0,0.0026,209.0,59.5,698.0
2026-04-21T16:40:00Z,37.5,141.2,0.0025,208.0,59.6,698.0
2026-04-21T16:41:00Z,38.0,140.5,0.0024,207.0,59.6,698.0
2026-04-21T16:42:00Z,38.4,139.8,0.0023,206.0,59.6,697.0
2026-04-21T16:43:00Z,38.9,139.2,0.0022,206.0,59.7,697.0
2026-04-21T16:44:00Z,39.4,138.5,0.0021,205.0,59.7,697.0
2026-04-21T16:45:00Z,39.8,137.8,0.002,204.0,59.7,697.0
2026-04-21T16:46:00Z,40.3,137.1,0.0021,203.0,59.8,696.0
2026-04-21T16:47:00Z,40.9,136.3,0.0022,202.0,59.8,696.0
2026-04-21T16:48:00Z,41.4,135.5,0.0023,201.0,59.8,696.0
2026-04-21T16:49:00Z,41.9,134.5,0.0024,199.0,59.9,695.0
2026-04-21T16:50:00Z,42.4,133.4,0.0025,198.0,59.9,695.0
2026-04-21T16:51:00Z,42.9,132.3,0.0025,196.0,59.9,695.0
2026-04-21T16:52:00Z,43.4,131.1,0.0026,195.0,59.9,694.0
2026-04-21T16:53:00Z,43.9,129.8,0.0027,193.0,59.9,694.0
2026-04-21T16:54:00Z,44.3,128.5,0.0028,191.0,60.0,693.0
2026-04-21T16:55:00Z,44.7,127.2,0.0028,190.0,60.0,693.0
2026-04-21T16:56:00Z,45.1,126.0,0.0029,188.0,60.0,693.0
2026-04-21T16:57:00Z,45.4,124.7,0.0029,186.0,60.0,692.0
2026-04-21T16:58:00Z,45.7,123.5,0.003,185.0,60.0,692.0
2026-04-21T16:59:00Z,46.1,122.3,0.003,183.0,60.0,691.0
2026-04-21T17:00:00Z,46.4,121.2,0.003,182.0,60.0,691.0
2026-04-21T17:01:00Z,46.7,120.0,0.003,180.0,60.0,690.0
2026-04-21T17:02:00Z,47.1,118.9,0.003,179.0,60.0,690.0
2026-04-21T17:03:00Z,47.4,117.7,0.003,177.0,60.0,689.0
2026-04-21T17:04:00Z,47.8,116.5,0.003,175.0,60.0,689.0
2026-04-21T17:05:00Z,48.2,115.3,0.0029,174.0,60.0,688.0
2026-04-21T17:06:00Z,48.6,114.1,0.0029,172.0,60.0,688.0
2026-04-21T17:07:00Z,48.9,112.8,0.0028,170.0,60.0,687.0
2026-04-21T17:08:00Z,49.3,111.5,0.0028,169.0,60.0,686.0
2026-04-21T17:09:00Z,49.6,110.2,0.0027,167.0,59.9,686.0
2026-04-21T17:10:00Z,49.9,109.0,0.0026,165.0,59.9,685.0
2026-04-21T17:11:00Z,50.1,107.8,0.0025,164.0,59.9,685.0
2026-04-21T17:12:00Z,50.2,106.6,0.0025,162.0,59.9,684.0
2026-04-21T17:13:00Z,50.3,105.5,0.0024,161.0,59.9,683.0
2026-04-21T17:14:00Z,50.3,104.6,0.0023,159.0,59.8,683.0
2026-04-21T17:15:00Z,50.2,103.7,0.0022,158.0,59.8,682.0
2026-04-21T17:16:00Z,50.1,102.9,0.0021,157.0,59.8,681.0
2026-04-21T17:17:00Z,50.0,102.2,0.002,156.0,59.7,681.0
2026-04-21T17:18:00Z,49.8,101.5,0.0021,155.0,59.7,680.0
2026-04-21T17:19:00Z,49.6,100.9,0.0022,154.0,59.7,679.0
2026-04-21T17:20:00Z,49.5,100.2,0.0023,154.0,59.6,679.0
2026-04-21T17:21:00Z,49.3,99.5,0.0024,153.0,59.6,678.0
2026-04-21T17:22:00Z,49.2,98.8,0.0025,152.0,59.6,677.0
2026-04-21T17:23:00Z,49.1,98.0,0.0026,151.0,59.5,676.0
2026-04-21T17:24:00Z,49.0,97.1,0.0027,149.0,59.5,676.0
2026-04-21T17:25:00Z,48.9,96.2,0.0027,148.0,59.4,675.0
2026-04-21T17:26:00Z,48.8,95.2,0.0028,147.0,59.4,674.0
2026-04-21T17:27:00Z,48.7,94.2,0.0029,146.0,59.3,673.0
2026-04-21T17:28:00Z,48.6,93.2,0.0029,144.0,59.3,673.0
2026-04-21T17:29:00Z,48.4,92.3,0.0029,143.0,59.2,672.0
2026-04-21T17:30:00Z,48.2,91.5,0.003,142.0,59.2,671.0
2026-04-21T17:31:00Z,47.9,90.8,0.003,141.0,59.1,670.0
2026-04-21T17:32:00Z,47.6,90.2,0.003,140.0,59.1,669.0
2026-04-21T17:33:00Z,47.2,89.8,0.003,140.0,59.0,668.0
2026-04-21T17:34:00Z,46.8,89.6,0.003,140.0,59.0,668.0
2026-04-21T17:35:00Z,46.3,89.6,0.003,139.0,58.9,667.0
2026-04-21T17:36:00Z,45.8,89.7,0.0029,140.0,58.8,666.0
2026-04-21T17:37:00Z,45.3,90.0,0.0029,140.0,58.8,665.0
2026-04-21T17:38:00Z,44.8,90.3,0.0028,140.0,58.7,664.0
2026-04-21T17:39:00Z,44.3,90.6,0.0028,141.0,58.6,663.0
2026-04-21T17:40:00Z,43.8,91.0,0.0027,141.0,58.6,662.0
2026-04-21T17:41:00Z,43.3,91.3,0.0027,142.0,58.5,661.0
2026-04-21T17:42:00Z,42.9,91.5,0.0026,142.0,58.4,660.0
2026-04-21T17:43:00Z,42.4,91.7,0.0025,142.0,58.3,659.0
2026-04-21T17:44:00Z,42.0,91.7,0.0024,142.0,58.3,658.0
2026-04-21T17:45:00Z,41.5,91.7,0.0023,142.0,58.2,657.0
2026-04-21T17:46:00Z,41.0,91.7,0.0022,142.0,58.1,656.0
2026-04-21T17:47:00Z,40.6,91.6,0.0021,142.0,58.0,655.0
2026-04-21T17:48:00Z,40.1,91.5,0.002,142.0,58.0,654.0
2026-04-21T17:49:00Z,39.6,91.4,0.0021,142.0,57.9,653.0
2026-04-21T17:50:00Z,39.0,91.5,0.0022,142.0,57.8,652.0
2026-04-21T17:51:00Z,38.5,91.7,0.0023,142.0,57.7,651.0
2026-04-21T17:52:00Z,38.0,92.0,0.0024,143.0,57.6,650.0
2026-04-21T17:53:00Z,37.5,92.5,0.0025,143.0,57.5,649.0
2026-04-21T17:54:00Z,37.0,93.1,0.0026,144.0,57.4,648.0
2026-04-21T17:55:00Z,36.5,93.9,0.0026,145.0,57.4,647.0
2026-04-21T17:56:00Z,36.0,94.9,0.0027,147.0,57.3,646.0
2026-04-21T17:57:00Z,35.6,95.9,0.0028,148.0,57.2,645.0
2026-04-21T17:58:00Z,35.2,97.0,0.0028,149.0,57.1,644.0
2026-04-21T17:59:00Z,34.9,98.1,0.0029,151.0,57.0,642.0
2026-04-21T18:00:00Z,34.5,99.3,0.0029,152.0,56.9,641.0
2026-04-21T18:01:00Z,34.2,100.4,0.003,154.0,56.8,640.0
2026-04-21T18:02:00Z,33.9,101.4,0.003,155.0,56.7,639.0
2026-04-21T18:03:00Z,33.6,102.4,0.003,157.0,56.6,638.0
2026-04-21T18:04:00Z,33.2,103.4,0.003,158.0,56.5,637.0
2026-04-21T18:05:00Z,32.9,104.3,0.003,159.0,56.4,636.0
2026-04-21T18:06:00Z,32.5,105.1,0.003,160.0,56.3,634.0
2026-04-21T18:07:00Z,32.1,106.0,0.003,161.0,56.2,633.0
2026-04-21T18:08:00Z,31.8,106.8,0.0029,162.0,56.1,632.0
2026-04-21T18:09:00Z,31.4,107.7,0.0029,164.0,56.0,631.0
2026-04-21T18:10:00Z,31.0,108.7,0.0028,165.0,55.9,630.0
2026-04-21T18:11:00Z,30.7,109.7,0.0028,166.0,55.9,628.0
2026-04-21T18:12:00Z,30.3,110.7,0.0027,168.0,55.8,627.0
2026-04-21T18:13:00Z,30.1,111.9,0.0026,169.0,55.7,626.0
2026-04-21T18:14:00Z,29.9,113.1,0.0025,171.0,55.6,625.0
2026-04-21T18:15:00Z,29.8,114.3,0.0024,172.0,55.5,623.0
2026-04-21T18:16:00Z,29.7,115.6,0.0023,174.0,55.4,622.0
2026-04-21T18:17:00Z,29.7,116.8,0.0023,176.0,55.3,621.0
2026-04-21T18:18:00Z,29.8,118.1,0.0022,177.0,55.2,620.0
2026-04-21T18:19:00Z,29.9,119.3,0.0021,179.0,55.1,618.0
2026-04-21T18:20:00Z,30.1,120.5,0.002,181.0,55.0,617.0
2026-04-21T18:21:00Z,30.2,121.7,0.0021,182.0,54.9,616.0
2026-04-21T18:22:00Z,30.4,122.8,0.0022,184.0,54.8,614.0
2026-04-21T18:23:00Z,30.6,123.9,0.0023,185.0,54.7,613.0
2026-04-21T18:24:00Z,30.7,125.0,0.0024,187.0,54.6,612.0
2026-04-21T18:25:00Z,30.8,126.2,0.0025,188.0,54.5,610.0
2026-04-21T18:26:00Z,31.0,127.3,0.0026,190.0,54.4,609.0
2026-04-21T18:27:00Z,31.1,128.5,0.0027,191.0,54.3,608.0
2026-04-21T18:28:00Z,31.1,129.7,0.0027,193.0,54.2,606.0
2026-04-21T18:29:00Z,31.2,130.9,0.0028,195.0,54.1,605.0
2026-04-21T18:30:00Z,31.3,132.2,0.0029,196.0,54.0,604.0
2026-04-21T18:31:00Z,31.5,133.4,0.0029,198.0,53.9,602.0
2026-04-21T18:32:00Z,31.6,134.7,0.0029,200.0,53.8,601.0
2026-04-21T18:33:00Z,31.9,136.0,0.003,201.0,53.7,600.0
2026-04-21T18:34:00Z,32.1,137.1,0.003,203.0,53.6,598.0
2026-04-21T18:35:00Z,32.5,138.2,0.003,204.0,53.5,597.0
2026-04-21T18:36:00Z,32.9,139.2,0.003,206.0,53.4,595.0
2026-04-21T18:37:00Z,33.3,140.1,0.003,207.0,53.3,594.0
2026-04-21T18:38:00Z,33.8,140.9,0.003,208.0,53.2,592.0
2026-04-21T18:39:00Z,34.2,141.5,0.0029,209.0,53.1,591.0
2026-04-21T18:40:00Z,34.7,142.1,0.0029,209.0,53.0,590.0
2026-04-21T18:41:00Z,35.3,142.5,0.0028,210.0,52.9,588.0
2026-04-21T18:42:00Z,35.8,142.9,0.0028,211.0,52.8,587.0
2026-04-21T18:43:00Z,36.3,143.4,0.0027,211.0,52.7,585.0
2026-04-21T18:44:00Z,36.7,143.8,0.0026,212.0,52.7,584.0
2026-04-21T18:45:00Z,37.2,144.3,0.0026,212.0,52.6,582.0
2026-04-21T18:46:00Z,37.7,144.8,0.0025,213.0,52.5,581.0
2026-04-21T18:47:00Z,38.1,145.5,0.0024,214.0,52.4,579.0
2026-04-21T18:48:00Z,38.6,146.2,0.0023,215.0,52.3,578.0
2026-04-21T18:49:00Z,39.0,146.9,0.0022,216.0,52.2,577.0
2026-04-21T18:50:00Z,39.5,147.7,0.0021,217.0,52.1,575.0
2026-04-21T18:51:00Z,40.0,148.6,0.002,218.0,52.1,574.0
2026-04-21T18:52:00Z,40.5,149.3,0.0021,219.0,52.0,572.0
2026-04-21T18:53:00Z,41.0,150.0,0.0022,220.0,51.9,571.0
2026-04-21T18:54:00Z,41.6,150.6,0.0023,221.0,51.8,569.0
2026-04-21T18:55:00Z,42.1,151.0,0.0024,221.0,51.7,568.0
2026-04-21T18:56:00Z,42.6,151.3,0.0025,222.0,51.7,566.0
2026-04-21T18:57:00Z,43.1,151.4,0.0026,222.0,51.6,565.0
2026-04-21T18:58:00Z,43.6,151.3,0.0026,222.0,51.5,563.0
2026-04-21T18:59:00Z,44.0,151.0,0.0027,221.0,51.5,562.0
2026-04-21T19:00:00Z,44.5,150.6,0.0028,221.0,51.4,560.0
2026-04-21T19:01:00Z,44.8,150.1,0.0028,220.0,51.3,558.0
2026-04-21T19:02:00Z,45.2,149.5,0.0029,219.0,51.2,557.0
2026-04-21T19:03:00Z,45.5,148.9,0.0029,219.0,51.2,555.0
2026-04-21T19:04:00Z,45.9,148.3,0.003,218.0,51.1,554.0
2026-04-21T19:05:00Z,46.2,147.8,0.003,217.0,51.1,552.0
2026-04-21T19:06:00Z,46.5,147.4,0.003,216.0,51.0,551.0
2026-04-21T19:07:00Z,46.8,147.0,0.003,216.0,50.9,549.0
2026-04-21T19:08:00Z,47.2,146.7,0.003,216.0,50.9,548.0
2026-04-21T19:09:00Z,47.5,146.5,0.003,215.0,50.8,546.0
2026-04-21T19:10:00Z,47.9,146.3,0.0029,215.0,50.8,545.0
2026-04-21T19:11:00Z,48.3,146.2,0.0029,215.0,50.7,543.0
2026-04-21T19:12:00Z,48.7,146.0,0.0029,215.0,50.7,541.0
2026-04-21T19:13:00Z,49.1,145.7,0.0028,214.0,50.6,540.0
2026-04-21T19:14:00Z,49.4,145.4,0.0027,214.0,50.6,538.0
2026-04-21T19:15:00Z,49.7,144.9,0.0027,213.0,50.5,537.0
2026-04-21T19:16:00Z,49.9,144.3,0.0026,212.0,50.5,535.0
2026-04-21T19:17:00Z,50.1,143.5,0.0025,211.0,50.4,534.0
2026-04-21T19:18:00Z,50.2,142.6,0.0024,210.0,50.4,532.0
2026-04-21T19:19:00Z,50.3,141.6,0.0023,209.0,50.4,530.0
2026-04-21T19:20:00Z,50.3,140.5,0.0022,207.0,50.3,529.0
2026-04-21T19:21:00Z,50.2,139.3,0.0021,206.0,50.3,527.0
2026-04-21T19:22:00Z,50.1,138.1,0.002,204.0,50.3,526.0
2026-04-21T19:23:00Z,49.9,136.9,0.0021,203.0,50.2,524.0
2026-04-21T19:24:00Z,49.7,135.7,0.0022,201.0,50.2,523.0
2026-04-21T19:25:00Z,49.6,134.5,0.0023,199.0,50.2,521.0
2026-04-21T19:26:00Z,49.4,133.3,0.0024,198.0,50.1,519.0
2026-04-21T19:27:00Z,49.3,132.3,0.0024,196.0,50.1,518.0
2026-04-21T19:28:00Z,49.1,131.2,0.0025,195.0,50.1,516.0
2026-04-21T19:29:00Z,49.0,130.2,0.0026,194.0,50.1,515.0
2026-04-21T19:30:00Z,48.9,129.2,0.0027,192.0,50.1,513.0
2026-04-21T19:31:00Z,48.8,128.2,0.0028,191.0,50.1,511.0
2026-04-21T19:32:00Z,48.8,127.2,0.0028,190.0,50.0,510.0
2026-04-21T19:33:00Z,48.6,126.1,0.0029,188.0,50.0,508.0
2026-04-21T19:34:00Z,48.5,125.0,0.0029,187.0,50.0,507.0
2026-04-21T19:35:00Z,48.3,123.8,0.003,185.0,50.0,505.0
2026-04-21T19:36:00Z,48.1,122.6,0.003,183.0,50.0,503.0
2026-04-21T19:37:00Z,47.8,121.4,0.003,182.0,50.0,502.0
2026-04-21T19:38:00Z,47.5,120.1,0.003,180.0,50.0,500.0
2026-04-21T19:39:00Z,47.1,118.9,0.003,178.0,50.0,501.0
2026-04-21T19:40:00Z,46.6,117.6,0.003,177.0,50.0,503.0
2026-04-21T19:41:00Z,46.2,116.4,0.003,175.0,50.0,505.0
2026-04-21T19:42:00Z,45.7,115.2,0.0029,174.0,50.0,506.0
2026-04-21T19:43:00Z,45.2,114.1,0.0029,172.0,50.0,508.0
2026-04-21T19:44:00Z,44.7,113.1,0.0028,171.0,50.0,509.0
2026-04-21T19:45:00Z,44.2,112.0,0.0028,169.0,50.0,511.0
2026-04-21T19:46:00Z,43.7,111.0,0.0027,168.0,50.1,513.0
2026-04-21T19:47:00Z,43.2,110.0,0.0026,167.0,50.1,514.0
2026-04-21T19:48:00Z,42.7,109.0,0.0025,165.0,50.1,516.0
2026-04-21T19:49:00Z,42.3,108.0,0.0025,164.0,50.1,517.0
2026-04-21T19:50:00Z,41.8,106.9,0.0024,163.0,50.1,519.0
2026-04-21T19:51:00Z,41.3,105.7,0.0023,161.0,50.2,521.0
2026-04-21T19:52:00Z,40.9,104.6,0.0022,159.0,50.2,522.0
2026-04-21T19:53:00Z,40.4,103.4,0.0021,158.0,50.2,524.0
2026-04-21T19:54:00Z,39.9,102.1,0.002,156.0,50.3,525.0
2026-04-21T19:55:00Z,39.4,100.9,0.0021,155.0,50.3,527.0
2026-04-21T19:56:00Z,38.9,99.7,0.0022,153.0,50.3,529.0
2026-04-21T19:57:00Z,38.3,98.6,0.0023,151.0,50.4,530.0
2026-04-21T19:58:00Z,37.8,97.5,0.0024,150.0,50.4,532.0
2026-04-21T19:59:00Z,37.3,96.6,0.0025,149.0,50.4,533.0
2026-04-21T20:00:00Z,36.8,95.8,0.0026,148.0,50.5,535.0
2026-04-21T20:01:00Z,36.3,95.2,0.0027,147.0,50.5,536.0
2026-04-21T20:02:00Z,35.9,94.7,0.0027,146.0,50.6,538.0
2026-04-21T20:03:00Z,35.5,94.3,0.0028,146.0,50.6,540.0
2026-04-21T20:04:00Z,35.1,94.1,0.0029,145.0,50.7,541.0
2026-04-21T20:05:00Z,34.7,93.9,0.0029,145.0,50.7,543.0
2026-04-21T20:06:00Z,34.4,93.7,0.0029,145.0,50.8,544.0
2026-04-21T20:07:00Z,34.1,93.5,0.003,145.0,50.8,546.0
2026-04-21T20:08:00Z,33.8,93.3,0.003,144.0,50.9,547.0
2026-04-21T20:09:00Z,33.5,93.1,0.003,144.0,50.9,549.0
2026-04-21T20:10:00Z,33.1,92.7,0.003,144.0,51.0,550.0
2026-04-21T20:11:00Z,32.8,92.3,0.003,143.0,51.0,552.0
2026-04-21T20:12:00Z,32.4,91.8,0.003,142.0,51.1,554.0
2026-04-21T20:13:00Z,32.0,91.2,0.0029,142.0,51.2,555.0
2026-04-21T20:14:00Z,31.6,90.6,0.0029,141.0,51.2,557.0
2026-04-21T20:15:00Z,31.2,90.0,0.0029,140.0,51.3,558.0
2026-04-21T20:16:00Z,30.9,89.5,0.0028,139.0,51.4,560.0
2026-04-21T20:17:00Z,30.5,89.1,0.0027,139.0,51.4,561.0
2026-04-21T20:18:00Z,30.3,88.8,0.0027,138.0,51.5,563.0
2026-04-21T20:19:00Z,30.0,88.6,0.0026,138.0,51.6,564.0
2026-04-21T20:20:00Z,29.9,88.7,0.0025,138.0,51.7,566.0
2026-04-21T20:21:00Z,29.8,88.9,0.0024,139.0,51.7,567.0
2026-04-21T20:22:00Z,29.7,89.3,0.0023,139.0,51.8,569.0
2026-04-21T20:23:00Z,29.8,89.9,0.0022,140.0,51.9,570.0
2026-04-21T20:24:00Z,29.8,90.5,0.0021,141.0,52.0,572.0
2026-04-21T20:25:00Z,30.0,91.3,0.002,142.0,52.0,573.0
2026-04-21T20:26:00Z,30.1,92.1,0.0021,143.0,52.1,575.0
2026-04-21T20:27:00Z,30.3,92.9,0.0022,144.0,52.2,576.0
2026-04-21T20:28:00Z,30.5,93.7,0.0023,145.0,52.3,578.0
2026-04-21T20:29:00Z,30.6,94.4,0.0024,146.0,52.4,579.0
2026-04-21T20:30:00Z,30.8,95.0,0.0025,147.0,52.5,581.0
2026-04-21T20:31:00Z,30.9,95.6,0.0025,147.0,52.5,582.0
2026-04-21T20:32:00Z,31.0,96.1,0.0026,148.0,52.6,584.0
2026-04-21T20:33:00Z,31.1,96.6,0.0027,149.0,52.7,585.0
2026-04-21T20:34:00Z,31.2,97.0,0.0028,149.0,52.8,586.0
2026-04-21T20:35:00Z,31.3,97.4,0.0028,150.0,52.9,588.0
2026-04-21T20:36:00Z,31.4,97.9,0.0029,150.0,53.0,589.0
2026-04-21T20:37:00Z,31.5,98.4,0.0029,151.0,53.1,591.0
2026-04-21T20:38:00Z,31.7,99.0,0.003,152.0,53.2,592.0
2026-04-21T20:39:00Z,32.0,99.7,0.003,153.0,53.3,594.0
2026-04-21T20:40:00Z,32.3,100.6,0.003,154.0,53.4,595.0
2026-04-21T20:41:00Z,32.6,101.6,0.003,155.0,53.5,596.0
2026-04-21T20:42:00Z,33.0,102.6,0.003,157.0,53.6,598.0
2026-04-21T20:43:00Z,33.4,103.8,0.003,158.0,53.7,599.0
2026-04-21T20:44:00Z,33.9,105.0,0.003,160.0,53.7,601.0
2026-04-21T20:45:00Z,34.4,106.3,0.0029,162.0,53.8,602.0
2026-04-21T20:46:00Z,34.9,107.6,0.0029,163.0,53.9,603.0
2026-04-21T20:47:00Z,35.4,108.9,0.0028,165.0,54.0,605.0
2026-04-21T20:48:00Z,35.9,110.1,0.0028,167.0,54.1,606.0
2026-04-21T20:49:00Z,36.4,111.3,0.0027,168.0,54.2,607.0
2026-04-21T20:50:00Z,36.9,112.5,0.0026,170.0,54.3,609.0
2026-04-21T20:51:00Z,37.4,113.6,0.0025,172.0,54.4,610.0
2026-04-21T20:52:00Z,37.8,114.7,0.0024,173.0,54.5,611.0
2026-04-21T20:53:00Z,38.3,115.8,0.0024,174.0,54.6,613.0
2026-04-21T20:54:00Z,38.7,117.0,0.0023,176.0,54.7,614.0
2026-04-21T20:55:00Z,39.2,118.1,0.0022,177.0,54.8,615.0
2026-04-21T20:56:00Z,39.7,119.2,0.0021,179.0,54.9,617.0
2026-04-21T20:57:00Z,40.2,120.4,0.002,181.0,55.0,618.0
2026-04-21T20:58:00Z,40.7,121.7,0.0021,182.0,55.1,619.0
2026-04-21T20:59:00Z,41.2,122.9,0.0022,184.0,55.2,621.0
2026-04-21T21:00:00Z,41.7,124.2,0.0023,186.0,55.3,622.0
2026-04-21T21:01:00Z,42.3,125.5,0.0024,187.0,55.4,623.0
2026-04-21T21:02:00Z,42.8,126.7,0.0025,189.0,55.5,624.0
2026-04-21T21:03:00Z,43.3,127.9,0.0026,191.0,55.6,626.0
2026-04-21T21:04:00Z,43.7,129.1,0.0027,192.0,55.7,627.0
2026-04-21T21:05:00Z,44.2,130.1,0.0027,194.0,55.8,628.0
2026-04-21T21:06:00Z,44.6,131.2,0.0028,195.0,55.9,629.0
2026-04-21T21:07:00Z,45.0,132.1,0.0029,196.0,56.0,631.0
2026-04-21T21:08:00Z,45.3,133.0,0.0029,197.0,56.1,632.0
2026-04-21T21:09:00Z,45.6,133.9,0.0029,198.0,56.2,633.0
2026-04-21T21:10:00Z,46.0,134.7,0.003,200.0,56.3,634.0
2026-04-21T21:11:00Z,46.3,135.6,0.003,201.0,56.4,635.0
2026-04-21T21:12:00Z,46.6,136.4,0.003,202.0,56.5,637.0
2026-04-21T21:13:00Z,46.9,137.4,0.003,203.0,56.6,638.0
2026-04-21T21:14:00Z,47.3,138.4,0.003,204.0,56.7,639.0
2026-04-21T21:15:00Z,47.7,139.4,0.003,206.0,56.8,640.0
2026-04-21T21:16:00Z,48.1,140.5,0.0029,207.0,56.9,641.0
2026-04-21T21:17:00Z,48.4,141.6,0.0029,209.0,57.0,642.0
2026-04-21T21:18:00Z,48.8,142.8,0.0028,210.0,57.1,643.0
2026-04-21T21:19:00Z,49.2,143.9,0.0028,212.0,57.2,644.0
2026-04-21T21:20:00Z,49.5,144.9,0.0027,213.0,57.3,646.0
2026-04-21T21:21:00Z,49.8,145.9,0.0026,215.0,57.3,647.0
2026-04-21T21:22:00Z,50.0,146.7,0.0026,216.0,57.4,648.0
2026-04-21T21:23:00Z,50.2,147.4,0.0025,217.0,57.5,649.0
2026-04-21T21:24:00Z,50.3,147.9,0.0024,217.0,57.6,650.0
2026-04-21T21:25:00Z,50.3,148.3,0.0023,218.0,57.7,651.0
2026-04-21T21:26:00Z,50.2,148.5,0.0022,218.0,57.8,652.0
2026-04-21T21:27:00Z,50.1,148.6,0.0021,218.0,57.9,653.0
2026-04-21T21:28:00Z,50.0,148.5,0.002,218.0,57.9,654.0
2026-04-21T21:29:00Z,49.8,148.5,0.0021,218.0,58.0,655.0
2026-04-21T21:30:00Z,49.7,148.4,0.0022,218.0,58.1,656.0
2026-04-21T21:31:00Z,49.5,148.3,0.0023,218.0,58.2,657.0
2026-04-21T21:32:00Z,49.4,148.3,0.0024,218.0,58.2,658.0
2026-04-21T21:33:00Z,49.2,148.3,0.0025,218.0,58.3,659.0
2026-04-21T21:34:00Z,49.1,148.5,0.0026,218.0,58.4,660.0
2026-04-21T21:35:00Z,49.0,148.7,0.0026,218.0,58.5,661.0
2026-04-21T21:36:00Z,48.9,149.0,0.0027,219.0,58.5,662.0
2026-04-21T21:37:00Z,48.8,149.3,0.0028,219.0,58.6,663.0
2026-04-21T21:38:00Z,48.7,149.7,0.0028,220.0,58.7,664.0
2026-04-21T21:39:00Z,48.6,150.0,0.0029,220.0,58.7,665.0
2026-04-21T21:40:00Z,48.4,150.2,0.0029,220.0,58.8,666.0
2026-04-21T21:41:00Z,48.2,150.4,0.003,220.0,58.9,666.0
2026-04-21T21:42:00Z,48.0,150.4,0.003,220.0,58.9,667.0
2026-04-21T21:43:00Z,47.7,150.2,0.003,220.0,59.0,668.0
2026-04-21T21:44:00Z,47.3,149.9,0.003,220.0,59.1,669.0
2026-04-21T21:45:00Z,46.9,149.3,0.003,219.0,59.1,670.0
2026-04-21T21:46:00Z,46.5,148.7,0.003,218.0,59.2,671.0
2026-04-21T21:47:00Z,46.0,147.9,0.0029,217.0,59.2,672.0
2026-04-21T21:48:00Z,45.5,146.9,0.0029,216.0,59.3,672.0
2026-04-21T21:49:00Z,45.0,146.0,0.0029,215.0,59.3,673.0
2026-04-21T21:50:00Z,44.5,145.0,0.0028,213.0,59.4,674.0
2026-04-21T21:51:00Z,44.0,144.0,0.0027,212.0,59.4,675.0
2026-04-21T21:52:00Z,43.5,143.1,0.0027,211.0,59.5,676.0
2026-04-21T21:53:00Z,43.0,142.2,0.0026,210.0,59.5,676.0
2026-04-21T21:54:00Z,42.6,141.4,0.0025,208.0,59.6,677.0
2026-04-21T21:55:00Z,42.1,140.6,0.0024,207.0,59.6,678.0
2026-04-21T21:56:00Z,41.7,139.9,0.0023,207.0,59.6,679.0
2026-04-21T21:57:00Z,41.2,139.3,0.0022,206.0,59.7,679.0
2026-04-21T21:58:00Z,40.7,138.6,0.0021,205.0,59.7,680.0
2026-04-21T21:59:00Z,40.2,138.0,0.002,204.0,59.7,681.0
2026-04-21T22:00:00Z,39.7,137.2,0.0021,203.0,59.8,681.0
2026-04-21T22:01:00Z,39.2,136.5,0.0022,202.0,59.8,682.0
2026-04-21T22:02:00Z,38.7,135.6,0.0023,201.0,59.8,683.0
2026-04-21T22:03:00Z,38.2,134.7,0.0023,200.0,59.9,683.0
2026-04-21T22:04:00Z,37.6,133.6,0.0024,198.0,59.9,684.0
2026-04-21T22:05:00Z,37.1,132.5,0.0025,197.0,59.9,685.0
2026-04-21T22:06:00Z,36.6,131.3,0.0026,195.0,59.9,685.0
2026-04-21T22:07:00Z,36.2,130.0,0.0027,193.0,59.9,686.0
2026-04-21T22:08:00Z,35.7,128.7,0.0028,192.0,59.9,686.0
2026-04-21T22:09:00Z,35.3,127.4,0.0028,190.0,60.0,687.0
2026-04-21T22:10:00Z,35.0,126.2,0.0029,188.0,60.0,687.0
2026-04-21T22:11:00Z,34.6,124.9,0.0029,187.0,60.0,688.0
2026-04-21T22:12:00Z,34.3,123.7,0.0029,185.0,60.0,689.0
2026-04-21T22:13:00Z,34.0,122.5,0.003,183.0,60.0,689.0
2026-04-21T22:14:00Z,33.7,121.3,0.003,182.0,60.0,690.0
2026-04-21T22:15:00Z,33.3,120.2,0.003,180.0,60.0,690.0
2026-04-21T22:16:00Z,33.0,119.1,0.003,179.0,60.0,691.0
2026-04-21T22:17:00Z,32.6,117.9,0.003,177.0,60.0,691.0
2026-04-21T22:18:00Z,32.3,116.7,0.003,176.0,60.0,692.0
2026-04-21T22:19:00Z,31.9,115.5,0.0029,174.0,60.0,692.0
2026-04-21T22:20:00Z,31.5,114.3,0.0029,172.0,60.0,692.0
2026-04-21T22:21:00Z,31.1,113.0,0.0028,171.0,60.0,693.0
2026-04-21T22:22:00Z,30.8,111.7,0.0028,169.0,60.0,693.0
2026-04-21T22:23:00Z,30.4,110.4,0.0027,167.0,59.9,694.0
2026-04-21T22:24:00Z,30.2,109.2,0.0026,166.0,59.9,694.0
2026-04-21T22:25:00Z,30.0,107.9,0.0026,164.0,59.9,694.0
2026-04-21T22:26:00Z,29.8,106.8,0.0025,162.0,59.9,695.0
2026-04-21T22:27:00Z,29.7,105.7,0.0024,161.0,59.9,695.0
2026-04-21T22:28:00Z,29.7,104.7,0.0023,160.0,59.8,696.0
2026-04-21T22:29:00Z,29.8,103.8,0.0022,158.0,59.8,696.0
2026-04-21T22:30:00Z,29.9,103.0,0.0021,157.0,59.8,696.0
2026-04-21T22:31:00Z,30.0,102.3,0.002,156.0,59.8,696.0
2026-04-21T22:32:00Z,30.2,101.6,0.0021,155.0,59.7,697.0
2026-04-21T22:33:00Z,30.4,101.0,0.0022,155.0,59.7,697.0
2026-04-21T22:34:00Z,30.5,100.3,0.0023,154.0,59.6,697.0
2026-04-21T22:35:00Z,30.7,99.6,0.0024,153.0,59.6,698.0
2026-04-21T22:36:00Z,30.8,98.9,0.0025,152.0,59.6,698.0
2026-04-21T22:37:00Z,30.9,98.1,0.0026,151.0,59.5,698.0
2026-04-21T22:38:00Z,31.0,97.3,0.0027,150.0,59.5,698.0
2026-04-21T22:39:00Z,31.1,96.3,0.0027,148.0,59.4,698.0
2026-04-21T22:40:00Z,31.2,95.4,0.0028,147.0,59.4,699.0
2026-04-21T22:41:00Z,31.3,94.4,0.0028,146.0,59.3,699.0
2026-04-21T22:42:00Z,31.4,93.4,0.0029,145.0,59.3,699.0
2026-04-21T22:43:00Z,31.6,92.5,0.0029,143.0,59.2,699.0
2026-04-21T22:44:00Z,31.8,91.6,0.003,142.0,59.2,699.0
2026-04-21T22:45:00Z,32.1,90.9,0.003,141.0,59.1,699.0
2026-04-21T22:46:00Z,32.4,90.3,0.003,140.0,59.1,700.0
2026-04-21T22:47:00Z,32.7,89.9,0.003,140.0,59.0,700.0
2026-04-21T22:48:00Z,33.1,89.7,0.003,140.0,59.0,700.0
2026-04-21T22:49:00Z,33.6,89.6,0.003,139.0,58.9,700.0
2026-04-21T22:50:00Z,34.1,89.7,0.0029,140.0,58.8,700.0
2026-04-21T22:51:00Z,34.6,89.9,0.0029,140.0,58.8,700.0
2026-04-21T22:52:00Z,35.1,90.2,0.0029,140.0,58.7,700.0
2026-04-21T22:53:00Z,35.6,90.6,0.0028,141.0,58.6,700.0
2026-04-21T22:54:00Z,36.1,90.9,0.0027,141.0,58.6,700.0
2026-04-21T22:55:00Z,36.6,91.2,0.0027,142.0,58.5,700.0
2026-04-21T22:56:00Z,37.0,91.5,0.0026,142.0,58.4,700.0
2026-04-21T22:57:00Z,37.5,91.6,0.0025,142.0,58.4,700.0
2026-04-21T22:58:00Z,38.0,91.7,0.0024,142.0,58.3,700.0
2026-04-21T22:59:00Z,38.4,91.7,0.0023,142.0,58.2,700.0
2026-04-21T23:00:00Z,38.9,91.7,0.0022,142.0,58.1,700.0
2026-04-21T23:01:00Z,39.4,91.6,0.0021,142.0,58.0,700.0
2026-04-21T23:02:00Z,39.9,91.5,0.002,142.0,58.0,700.0
2026-04-21T23:03:00Z,40.4,91.4,0.0021,142.0,57.9,700.0
2026-04-21T23:04:00Z,40.9,91.5,0.0022,142.0,57.8,699.0
2026-04-21T23:05:00Z,41.4,91.6,0.0023,142.0,57.7,699.0
2026-04-21T23:06:00Z,41.9,91.9,0.0024,143.0,57.6,699.0
2026-04-21T23:07:00Z,42.4,92.4,0.0025,143.0,57.5,699.0
2026-04-21T23:08:00Z,43.0,93.0,0.0025,144.0,57.5,699.0
2026-04-21T23:09:00Z,43.4,93.8,0.0026,145.0,57.4,699.0
2026-04-21T23:10:00Z,43.9,94.7,0.0027,146.0,57.3,698.0
2026-04-21T23:11:00Z,44.3,95.7,0.0028,148.0,57.2,698.0
2026-04-21T23:12:00Z,44.7,96.8,0.0028,149.0,57.1,698.0
2026-04-21T23:13:00Z,45.1,98.0,0.0029,151.0,57.0,698.0
2026-04-21T23:14:00Z,45.4,99.1,0.0029,152.0,56.9,698.0
2026-04-21T23:15:00Z,45.7,100.2,0.003,154.0,56.8,697.0
2026-04-21T23:16:00Z,46.1,101.3,0.003,155.0,56.7,697.0
2026-04-21T23:17:00Z,46.4,102.3,0.003,156.0,56.6,697.0
2026-04-21T23:18:00Z,46.7,103.2,0.003,158.0,56.5,696.0
2026-04-21T23:19:00Z,47.1,104.1,0.003,159.0,56.5,696.0
2026-04-21T23:20:00Z,47.4,105.0,0.003,160.0,56.4,696.0
2026-04-21T23:21:00Z,47.8,105.8,0.003,161.0,56.3,696.0
2026-04-21T23:22:00Z,48.2,106.7,0.0029,162.0,56.2,695.0
2026-04-21T23:23:00Z,48.6,107.6,0.0029,163.0,56.1,695.0
2026-04-21T23:24:00Z,48.9,108.5,0.0028,165.0,56.0,694.0
2026-04-21T23:25:00Z,49.3,109.5,0.0028,166.0,55.9,694.0
2026-04-21T23:26:00Z,49.6,110.6,0.0027,167.0,55.8,694.0
2026-04-21T23:27:00Z,49.9,111.7,0.0026,169.0,55.7,693.0
2026-04-21T23:28:00Z,50.1,112.9,0.0025,170.0,55.6,693.0
2026-04-21T23:29:00Z,50.2,114.1,0.0025,172.0,55.5,692.0
2026-04-21T23:30:00Z,50.3,115.4,0.0024,174.0,55.4,692.0
2026-04-21T23:31:00Z,50.3,116.6,0.0023,176.0,55.3,692.0
2026-04-21T23:32:00Z,50.2,117.9,0.0022,177.0,55.2,691.0
2026-04-21T23:33:00Z,50.1,119.1,0.0021,179.0,55.1,691.0
2026-04-21T23:34:00Z,50.0,120.3,0.002,180.0,55.0,690.0
2026-04-21T23:35:00Z,49.8,121.5,0.0021,182.0,54.9,690.0
2026-04-21T23:36:00Z,49.6,122.6,0.0022,184.0,54.8,689.0
2026-04-21T23:37:00Z,49.5,123.8,0.0023,185.0,54.7,689.0
2026-04-21T23:38:00Z,49.3,124.9,0.0024,186.0,54.6,688.0
2026-04-21T23:39:00Z,49.2,126.0,0.0025,188.0,54.5,687.0
2026-04-21T23:40:00Z,49.1,127.1,0.0026,189.0,54.4,687.0
2026-04-21T23:41:00Z,49.0,128.3,0.0027,191.0,54.3,686.0
2026-04-21T23:42:00Z,48.9,129.5,0.0027,193.0,54.2,686.0
2026-04-21T23:43:00Z,48.8,130.7,0.0028,194.0,54.1,685.0
2026-04-21T23:44:00Z,48.7,132.0,0.0029,196.0,54.0,684.0
2026-04-21T23:45:00Z,48.6,133.2,0.0029,198.0,53.9,684.0
2026-04-21T23:46:00Z,48.4,134.5,0.0029,199.0,53.8,683.0
2026-04-21T23:47:00Z,48.2,135.8,0.003,201.0,53.7,683.0
2026-04-21T23:48:00Z,47.9,137.0,0.003,203.0,53.6,682.0
2026-04-21T23:49:00Z,47.6,138.1,0.003,204.0,53.5,681.0
2026-04-21T23:50:00Z,47.2,139.1,0.003,205.0,53.4,681.0
2026-04-21T23:51:00Z,46.8,140.0,0.003,207.0,53.3,680.0
2026-04-21T23:52:00Z,46.3,140.8,0.003,208.0,53.2,679.0
2026-04-21T23:53:00Z,45.8,141.4,0.0029,209.0,53.1,678.0
2026-04-21T23:54:00Z,45.3,142.0,0.0029,209.0,53.0,678.0
2026-04-21T23:55:00Z,44.8,142.5,0.0028,210.0,52.9,677.0
2026-04-21T23:56:00Z,44.3,142.9,0.0028,211.0,52.8,676.0
2026-04-21T23:57:00Z,43.8,143.3,0.0027,211.0,52.8,675.0
2026-04-21T23:58:00Z,43.3,143.7,0.0027,212.0,52.7,675.0
2026-04-21T23:59:00Z,42.9,144.2,0.0026,212.0,52.6,674.0
